timestamp_utc,device_id,qbraid_status,native_source,native_status,verdict
2026-09-01T16:38:44+00:00,aws:aqt:qpu:ibex-q1,UNAVAILABLE,aws-braket,ONLINE,disagree
2026-09-01T16:38:44+00:00,aws:ionq:qpu:forte-1,OFFLINE,aws-braket,OFFLINE,agree
2026-09-01T16:38:44+00:00,aws:ionq:qpu:forte-enterprise-1,ONLINE,aws-braket,ONLINE,agree
2026-09-01T16:38:44+00:00,aws:iqm:qpu:emerald,ONLINE,aws-braket,ONLINE,agree
2026-09-01T16:38:44+00:00,aws:iqm:qpu:garnet,UNAVAILABLE,aws-braket,ONLINE,disagree
2026-09-01T16:38:44+00:00,aws:quera:qpu:aquila,UNAVAILABLE,aws-braket,ONLINE,disagree
2026-09-01T16:38:44+00:00,aws:rigetti:qpu:cepheus-1-108q,ONLINE,aws-braket,ONLINE,agree
2026-09-01T16:38:44+00:00,ibm:ibm:qpu:fez,ONLINE,ibm,ONLINE,agree
2026-09-01T16:38:44+00:00,ibm:ibm:qpu:kingston,ONLINE,ibm,ONLINE,agree
2026-09-01T16:38:44+00:00,ibm:ibm:qpu:marrakesh,ONLINE,ibm,ONLINE,agree
2026-09-01T21:01:32+00:00,aws:aqt:qpu:ibex-q1,UNAVAILABLE,aws-braket,ONLINE,disagree
2026-09-01T21:01:32+00:00,aws:ionq:qpu:forte-1,OFFLINE,aws-braket,OFFLINE,agree
2026-09-01T21:01:32+00:00,aws:ionq:qpu:forte-enterprise-1,ONLINE,aws-braket,ONLINE,agree
2026-09-01T21:01:32+00:00,aws:iqm:qpu:emerald,ONLINE,aws-braket,ONLINE,agree
2026-09-01T21:01:32+00:00,aws:iqm:qpu:garnet,ONLINE,aws-braket,ONLINE,agree
2026-09-01T21:01:32+00:00,aws:quera:qpu:aquila,UNAVAILABLE,aws-braket,ONLINE,disagree
2026-09-01T21:01:32+00:00,aws:rigetti:qpu:cepheus-1-108q,ONLINE,aws-braket,ONLINE,agree
2026-09-01T21:01:32+00:00,ibm:ibm:qpu:fez,ONLINE,ibm,ONLINE,agree
2026-09-01T21:01:32+00:00,ibm:ibm:qpu:kingston,ONLINE,ibm,ONLINE,agree
2026-09-01T21:01:32+00:00,ibm:ibm:qpu:marrakesh,ONLINE,ibm,ONLINE,agree
2026-09-02T04:32:17+00:00,aws:aqt:qpu:ibex-q1,UNAVAILABLE,aws-braket,ONLINE,disagree
2026-09-02T04:32:17+00:00,aws:ionq:qpu:forte-1,OFFLINE,aws-braket,OFFLINE,agree
2026-09-02T04:32:17+00:00,aws:ionq:qpu:forte-enterprise-1,ONLINE,aws-braket,ONLINE,agree
2026-09-02T04:32:17+00:00,aws:iqm:qpu:emerald,UNAVAILABLE,aws-braket,ONLINE,disagree
2026-09-02T04:32:17+00:00,aws:iqm:qpu:garnet,ONLINE,aws-braket,ONLINE,agree
2026-09-02T04:32:17+00:00,aws:quera:qpu:aquila,UNAVAILABLE,aws-braket,ONLINE,disagree
2026-09-02T04:32:17+00:00,aws:rigetti:qpu:cepheus-1-108q,ONLINE,aws-braket,ONLINE,agree
2026-09-02T04:32:17+00:00,ibm:ibm:qpu:fez,ONLINE,ibm,ONLINE,agree
2026-09-02T04:32:17+00:00,ibm:ibm:qpu:kingston,ONLINE,ibm,ONLINE,agree
2026-09-02T04:32:17+00:00,ibm:ibm:qpu:marrakesh,ONLINE,ibm,ONLINE,agree
2026-09-02T11:17:16+00:00,aws:aqt:qpu:ibex-q1,ONLINE,aws-braket,ONLINE,agree
2026-09-02T11:17:16+00:00,aws:ionq:qpu:forte-1,OFFLINE,aws-braket,OFFLINE,agree
2026-09-02T11:17:16+00:00,aws:ionq:qpu:forte-enterprise-1,ONLINE,aws-braket,ONLINE,agree
2026-09-02T11:17:16+00:00,aws:iqm:qpu:emerald,ONLINE,aws-braket,ONLINE,agree
2026-09-02T11:17:16+00:00,aws:iqm:qpu:garnet,ONLINE,aws-braket,ONLINE,agree
2026-09-02T11:17:16+00:00,aws:quera:qpu:aquila,UNAVAILABLE,aws-braket,ONLINE,disagree
2026-09-02T11:17:16+00:00,aws:rigetti:qpu:cepheus-1-108q,ONLINE,aws-braket,ONLINE,agree
2026-09-02T11:17:16+00:00,ibm:ibm:qpu:fez,ONLINE,ibm,ONLINE,agree
2026-09-02T11:17:16+00:00,ibm:ibm:qpu:kingston,ONLINE,ibm,ONLINE,agree
2026-09-02T11:17:16+00:00,ibm:ibm:qpu:marrakesh,ONLINE,ibm,ONLINE,agree
2026-09-02T16:34:22+00:00,aws:aqt:qpu:ibex-q1,UNAVAILABLE,aws-braket,ONLINE,disagree
2026-09-02T16:34:22+00:00,aws:ionq:qpu:forte-1,OFFLINE,aws-braket,OFFLINE,agree
2026-09-02T16:34:22+00:00,aws:ionq:qpu:forte-enterprise-1,ONLINE,aws-braket,ONLINE,agree
2026-09-02T16:34:22+00:00,aws:iqm:qpu:emerald,ONLINE,aws-braket,ONLINE,agree
2026-09-02T16:34:22+00:00,aws:iqm:qpu:garnet,UNAVAILABLE,aws-braket,ONLINE,disagree
2026-09-02T16:34:22+00:00,aws:quera:qpu:aquila,UNAVAILABLE,aws-braket,ONLINE,disagree
2026-09-02T16:34:22+00:00,aws:rigetti:qpu:cepheus-1-108q,ONLINE,aws-braket,ONLINE,agree
2026-09-02T16:34:22+00:00,ibm:ibm:qpu:fez,ONLINE,ibm,ONLINE,agree
2026-09-02T16:34:22+00:00,ibm:ibm:qpu:kingston,ONLINE,ibm,ONLINE,agree
2026-09-02T16:34:22+00:00,ibm:ibm:qpu:marrakesh,ONLINE,ibm,ONLINE,agree
2026-09-02T21:02:41+00:00,aws:aqt:qpu:ibex-q1,UNAVAILABLE,aws-braket,ONLINE,disagree
2026-09-02T21:02:41+00:00,aws:ionq:qpu:forte-1,OFFLINE,aws-braket,OFFLINE,agree
2026-09-02T21:02:41+00:00,aws:ionq:qpu:forte-enterprise-1,ONLINE,aws-braket,ONLINE,agree
2026-09-02T21:02:41+00:00,aws:iqm:qpu:emerald,ONLINE,aws-braket,ONLINE,agree
2026-09-02T21:02:41+00:00,aws:iqm:qpu:garnet,ONLINE,aws-braket,ONLINE,agree
2026-09-02T21:02:41+00:00,aws:quera:qpu:aquila,UNAVAILABLE,aws-braket,ONLINE,disagree
2026-09-02T21:02:41+00:00,aws:rigetti:qpu:cepheus-1-108q,ONLINE,aws-braket,ONLINE,agree
2026-09-02T21:02:41+00:00,ibm:ibm:qpu:fez,ONLINE,ibm,ONLINE,agree
2026-09-02T21:02:41+00:00,ibm:ibm:qpu:kingston,ONLINE,ibm,ONLINE,agree
2026-09-02T21:02:41+00:00,ibm:ibm:qpu:marrakesh,ONLINE,ibm,ONLINE,agree
2026-09-03T04:22:05+00:00,aws:aqt:qpu:ibex-q1,UNAVAILABLE,aws-braket,ONLINE,disagree
2026-09-03T04:22:05+00:00,aws:ionq:qpu:forte-1,OFFLINE,aws-braket,OFFLINE,agree
2026-09-03T04:22:05+00:00,aws:ionq:qpu:forte-enterprise-1,ONLINE,aws-braket,ONLINE,agree
2026-09-03T04:22:05+00:00,aws:iqm:qpu:emerald,UNAVAILABLE,aws-braket,ONLINE,disagree
2026-09-03T04:22:05+00:00,aws:iqm:qpu:garnet,ONLINE,aws-braket,ONLINE,agree
2026-09-03T04:22:05+00:00,aws:quera:qpu:aquila,UNAVAILABLE,aws-braket,ONLINE,disagree
2026-09-03T04:22:05+00:00,aws:rigetti:qpu:cepheus-1-108q,ONLINE,aws-braket,ONLINE,agree
2026-09-03T04:22:05+00:00,ibm:ibm:qpu:fez,ONLINE,ibm,ONLINE,agree
2026-09-03T04:22:05+00:00,ibm:ibm:qpu:kingston,ONLINE,ibm,ONLINE,agree
2026-09-03T04:22:05+00:00,ibm:ibm:qpu:marrakesh,ONLINE,ibm,ONLINE,agree
2026-09-03T11:13:17+00:00,aws:aqt:qpu:ibex-q1,UNAVAILABLE,aws-braket,ONLINE,disagree
2026-09-03T11:13:17+00:00,aws:ionq:qpu:forte-1,OFFLINE,aws-braket,OFFLINE,agree
2026-09-03T11:13:17+00:00,aws:ionq:qpu:forte-enterprise-1,UNAVAILABLE,aws-braket,ONLINE,disagree
2026-09-03T11:13:17+00:00,aws:iqm:qpu:emerald,ONLINE,aws-braket,ONLINE,agree
2026-09-03T11:13:17+00:00,aws:iqm:qpu:garnet,ONLINE,aws-braket,ONLINE,agree
2026-09-03T11:13:17+00:00,aws:quera:qpu:aquila,UNAVAILABLE,aws-braket,ONLINE,disagree
2026-09-03T11:13:17+00:00,aws:rigetti:qpu:cepheus-1-108q,ONLINE,aws-braket,ONLINE,agree
2026-09-03T11:13:17+00:00,ibm:ibm:qpu:fez,ONLINE,ibm,ONLINE,agree
2026-09-03T11:13:17+00:00,ibm:ibm:qpu:kingston,ONLINE,ibm,ONLINE,agree
2026-09-03T11:13:17+00:00,ibm:ibm:qpu:marrakesh,ONLINE,ibm,ONLINE,agree
2026-09-03T16:24:55+00:00,aws:aqt:qpu:ibex-q1,UNAVAILABLE,aws-braket,ONLINE,disagree
2026-09-03T16:24:55+00:00,aws:ionq:qpu:forte-1,OFFLINE,aws-braket,OFFLINE,agree
2026-09-03T16:24:55+00:00,aws:ionq:qpu:forte-enterprise-1,ONLINE,aws-braket,ONLINE,agree
2026-09-03T16:24:55+00:00,aws:iqm:qpu:emerald,ONLINE,aws-braket,ONLINE,agree
2026-09-03T16:24:55+00:00,aws:iqm:qpu:garnet,UNAVAILABLE,aws-braket,ONLINE,disagree
2026-09-03T16:24:55+00:00,aws:quera:qpu:aquila,UNAVAILABLE,aws-braket,ONLINE,disagree
2026-09-03T16:24:55+00:00,aws:rigetti:qpu:cepheus-1-108q,ONLINE,aws-braket,ONLINE,agree
2026-09-03T16:24:55+00:00,ibm:ibm:qpu:fez,ONLINE,ibm,ONLINE,agree
2026-09-03T16:24:55+00:00,ibm:ibm:qpu:kingston,ONLINE,ibm,ONLINE,agree
2026-09-03T16:24:55+00:00,ibm:ibm:qpu:marrakesh,ONLINE,ibm,ONLINE,agree
2026-09-03T21:01:45+00:00,aws:aqt:qpu:ibex-q1,UNAVAILABLE,aws-braket,ONLINE,disagree
2026-09-03T21:01:45+00:00,aws:ionq:qpu:forte-1,OFFLINE,aws-braket,OFFLINE,agree
2026-09-03T21:01:45+00:00,aws:ionq:qpu:forte-enterprise-1,ONLINE,aws-braket,ONLINE,agree
2026-09-03T21:01:45+00:00,aws:iqm:qpu:emerald,ONLINE,aws-braket,ONLINE,agree
2026-09-03T21:01:45+00:00,aws:iqm:qpu:garnet,ONLINE,aws-braket,ONLINE,agree
2026-09-03T21:01:45+00:00,aws:quera:qpu:aquila,UNAVAILABLE,aws-braket,ONLINE,disagree
2026-09-03T21:01:45+00:00,aws:rigetti:qpu:cepheus-1-108q,ONLINE,aws-braket,ONLINE,agree
2026-09-03T21:01:45+00:00,ibm:ibm:qpu:fez,ONLINE,ibm,ONLINE,agree
2026-09-03T21:01:45+00:00,ibm:ibm:qpu:kingston,ONLINE,ibm,ONLINE,agree
2026-09-03T21:01:45+00:00,ibm:ibm:qpu:marrakesh,ONLINE,ibm,ONLINE,agree
2026-09-04T04:31:21+00:00,aws:aqt:qpu:ibex-q1,UNAVAILABLE,aws-braket,ONLINE,disagree
2026-09-04T04:31:21+00:00,aws:ionq:qpu:forte-1,OFFLINE,aws-braket,OFFLINE,agree
2026-09-04T04:31:21+00:00,aws:ionq:qpu:forte-enterprise-1,ONLINE,aws-braket,ONLINE,agree
2026-09-04T04:31:21+00:00,aws:iqm:qpu:emerald,UNAVAILABLE,aws-braket,ONLINE,disagree
2026-09-04T04:31:21+00:00,aws:iqm:qpu:garnet,ONLINE,aws-braket,ONLINE,agree
2026-09-04T04:31:21+00:00,aws:quera:qpu:aquila,ONLINE,aws-braket,ONLINE,agree
2026-09-04T04:31:21+00:00,aws:rigetti:qpu:cepheus-1-108q,ONLINE,aws-braket,ONLINE,agree
2026-09-04T04:31:21+00:00,ibm:ibm:qpu:fez,ONLINE,ibm,ONLINE,agree
2026-09-04T04:31:21+00:00,ibm:ibm:qpu:kingston,ONLINE,ibm,ONLINE,agree
2026-09-04T04:31:21+00:00,ibm:ibm:qpu:marrakesh,ONLINE,ibm,ONLINE,agree
2026-09-04T11:16:31+00:00,aws:aqt:qpu:ibex-q1,ONLINE,aws-braket,ONLINE,agree
2026-09-04T11:16:31+00:00,aws:ionq:qpu:forte-1,OFFLINE,aws-braket,OFFLINE,agree
2026-09-04T11:16:31+00:00,aws:ionq:qpu:forte-enterprise-1,ONLINE,aws-braket,ONLINE,agree
2026-09-04T11:16:31+00:00,aws:iqm:qpu:emerald,ONLINE,aws-braket,ONLINE,agree
2026-09-04T11:16:31+00:00,aws:iqm:qpu:garnet,ONLINE,aws-braket,ONLINE,agree
2026-09-04T11:16:31+00:00,aws:quera:qpu:aquila,ONLINE,aws-braket,ONLINE,agree
2026-09-04T11:16:31+00:00,aws:rigetti:qpu:cepheus-1-108q,ONLINE,aws-braket,ONLINE,agree
2026-09-04T11:16:31+00:00,ibm:ibm:qpu:fez,ONLINE,ibm,ONLINE,agree
2026-09-04T11:16:31+00:00,ibm:ibm:qpu:kingston,ONLINE,ibm,ONLINE,agree
2026-09-04T11:16:31+00:00,ibm:ibm:qpu:marrakesh,ONLINE,ibm,ONLINE,agree
2026-09-04T16:20:49+00:00,aws:aqt:qpu:ibex-q1,UNAVAILABLE,aws-braket,ONLINE,disagree
2026-09-04T16:20:49+00:00,aws:ionq:qpu:forte-1,OFFLINE,aws-braket,OFFLINE,agree
2026-09-04T16:20:49+00:00,aws:ionq:qpu:forte-enterprise-1,ONLINE,aws-braket,ONLINE,agree
2026-09-04T16:20:49+00:00,aws:iqm:qpu:emerald,ONLINE,aws-braket,ONLINE,agree
2026-09-04T16:20:49+00:00,aws:iqm:qpu:garnet,UNAVAILABLE,aws-braket,ONLINE,disagree
2026-09-04T16:20:49+00:00,aws:quera:qpu:aquila,ONLINE,aws-braket,ONLINE,agree
2026-09-04T16:20:49+00:00,aws:rigetti:qpu:cepheus-1-108q,ONLINE,aws-braket,ONLINE,agree
2026-09-04T16:20:49+00:00,ibm:ibm:qpu:fez,ONLINE,ibm,ONLINE,agree
2026-09-04T16:20:49+00:00,ibm:ibm:qpu:kingston,ONLINE,ibm,ONLINE,agree
2026-09-04T16:20:49+00:00,ibm:ibm:qpu:marrakesh,ONLINE,ibm,ONLINE,agree
2026-09-04T20:45:00+00:00,aws:aqt:qpu:ibex-q1,UNAVAILABLE,aws-braket,ONLINE,disagree
2026-09-04T20:45:00+00:00,aws:ionq:qpu:forte-1,OFFLINE,aws-braket,OFFLINE,agree
2026-09-04T20:45:00+00:00,aws:ionq:qpu:forte-enterprise-1,ONLINE,aws-braket,ONLINE,agree
2026-09-04T20:45:00+00:00,aws:iqm:qpu:emerald,ONLINE,aws-braket,ONLINE,agree
2026-09-04T20:45:00+00:00,aws:iqm:qpu:garnet,ONLINE,aws-braket,ONLINE,agree
2026-09-04T20:45:00+00:00,aws:quera:qpu:aquila,ONLINE,aws-braket,ONLINE,agree
2026-09-04T20:45:00+00:00,aws:rigetti:qpu:cepheus-1-108q,UNAVAILABLE,aws-braket,ONLINE,disagree
2026-09-04T20:45:00+00:00,ibm:ibm:qpu:fez,ONLINE,ibm,ONLINE,agree
2026-09-04T20:45:00+00:00,ibm:ibm:qpu:kingston,ONLINE,ibm,ONLINE,agree
2026-09-04T20:45:00+00:00,ibm:ibm:qpu:marrakesh,ONLINE,ibm,ONLINE,agree
2026-09-05T04:26:09+00:00,aws:aqt:qpu:ibex-q1,UNAVAILABLE,aws-braket,ONLINE,disagree
2026-09-05T04:26:09+00:00,aws:ionq:qpu:forte-1,OFFLINE,aws-braket,OFFLINE,agree
2026-09-05T04:26:09+00:00,aws:ionq:qpu:forte-enterprise-1,ONLINE,aws-braket,ONLINE,agree
2026-09-05T04:26:09+00:00,aws:iqm:qpu:emerald,UNAVAILABLE,aws-braket,ONLINE,disagree
2026-09-05T04:26:09+00:00,aws:iqm:qpu:garnet,UNAVAILABLE,aws-braket,ONLINE,disagree
2026-09-05T04:26:09+00:00,aws:quera:qpu:aquila,ONLINE,aws-braket,ONLINE,agree
2026-09-05T04:26:09+00:00,aws:rigetti:qpu:cepheus-1-108q,ONLINE,aws-braket,ONLINE,agree
2026-09-05T04:26:09+00:00,ibm:ibm:qpu:fez,ONLINE,ibm,ONLINE,agree
2026-09-05T04:26:09+00:00,ibm:ibm:qpu:kingston,ONLINE,ibm,ONLINE,agree
2026-09-05T04:26:09+00:00,ibm:ibm:qpu:marrakesh,ONLINE,ibm,ONLINE,agree
2026-09-05T10:34:07+00:00,aws:aqt:qpu:ibex-q1,UNAVAILABLE,aws-braket,ONLINE,disagree
2026-09-05T10:34:07+00:00,aws:ionq:qpu:forte-1,OFFLINE,aws-braket,OFFLINE,agree
2026-09-05T10:34:07+00:00,aws:ionq:qpu:forte-enterprise-1,ONLINE,aws-braket,ONLINE,agree
2026-09-05T10:34:07+00:00,aws:iqm:qpu:emerald,UNAVAILABLE,aws-braket,ONLINE,disagree
2026-09-05T10:34:07+00:00,aws:iqm:qpu:garnet,UNAVAILABLE,aws-braket,ONLINE,disagree
2026-09-05T10:34:07+00:00,aws:quera:qpu:aquila,ONLINE,aws-braket,ONLINE,agree
2026-09-05T10:34:07+00:00,aws:rigetti:qpu:cepheus-1-108q,ONLINE,aws-braket,ONLINE,agree
2026-09-05T10:34:07+00:00,ibm:ibm:qpu:fez,ONLINE,ibm,ONLINE,agree
2026-09-05T10:34:07+00:00,ibm:ibm:qpu:kingston,ONLINE,ibm,ONLINE,agree
2026-09-05T10:34:07+00:00,ibm:ibm:qpu:marrakesh,ONLINE,ibm,ONLINE,agree
2026-09-05T15:12:24+00:00,aws:aqt:qpu:ibex-q1,UNAVAILABLE,aws-braket,ONLINE,disagree
2026-09-05T15:12:24+00:00,aws:ionq:qpu:forte-1,OFFLINE,aws-braket,OFFLINE,agree
2026-09-05T15:12:24+00:00,aws:ionq:qpu:forte-enterprise-1,ONLINE,aws-braket,ONLINE,agree
2026-09-05T15:12:24+00:00,aws:iqm:qpu:emerald,UNAVAILABLE,aws-braket,ONLINE,disagree
2026-09-05T15:12:24+00:00,aws:iqm:qpu:garnet,UNAVAILABLE,aws-braket,ONLINE,disagree
2026-09-05T15:12:24+00:00,aws:quera:qpu:aquila,ONLINE,aws-braket,ONLINE,agree
2026-09-05T15:12:24+00:00,aws:rigetti:qpu:cepheus-1-108q,ONLINE,aws-braket,ONLINE,agree
2026-09-05T15:12:24+00:00,ibm:ibm:qpu:fez,ONLINE,ibm,ONLINE,agree
2026-09-05T15:12:24+00:00,ibm:ibm:qpu:kingston,ONLINE,ibm,ONLINE,agree
2026-09-05T15:12:24+00:00,ibm:ibm:qpu:marrakesh,ONLINE,ibm,ONLINE,agree
2026-09-05T20:19:18+00:00,aws:aqt:qpu:ibex-q1,UNAVAILABLE,aws-braket,ONLINE,disagree
2026-09-05T20:19:18+00:00,aws:ionq:qpu:forte-1,OFFLINE,aws-braket,OFFLINE,agree
2026-09-05T20:19:18+00:00,aws:ionq:qpu:forte-enterprise-1,ONLINE,aws-braket,ONLINE,agree
2026-09-05T20:19:18+00:00,aws:iqm:qpu:emerald,UNAVAILABLE,aws-braket,ONLINE,disagree
2026-09-05T20:19:18+00:00,aws:iqm:qpu:garnet,UNAVAILABLE,aws-braket,ONLINE,disagree
2026-09-05T20:19:18+00:00,aws:quera:qpu:aquila,ONLINE,aws-braket,ONLINE,agree
2026-09-05T20:19:18+00:00,aws:rigetti:qpu:cepheus-1-108q,UNAVAILABLE,aws-braket,ONLINE,disagree
2026-09-05T20:19:18+00:00,ibm:ibm:qpu:fez,ONLINE,ibm,ONLINE,agree
2026-09-05T20:19:18+00:00,ibm:ibm:qpu:kingston,ONLINE,ibm,ONLINE,agree
2026-09-05T20:19:18+00:00,ibm:ibm:qpu:marrakesh,ONLINE,ibm,ONLINE,agree
2026-09-06T04:37:19+00:00,aws:aqt:qpu:ibex-q1,UNAVAILABLE,aws-braket,ONLINE,disagree
2026-09-06T04:37:19+00:00,aws:ionq:qpu:forte-1,OFFLINE,aws-braket,OFFLINE,agree
2026-09-06T04:37:19+00:00,aws:ionq:qpu:forte-enterprise-1,ONLINE,aws-braket,ONLINE,agree
2026-09-06T04:37:19+00:00,aws:iqm:qpu:emerald,UNAVAILABLE,aws-braket,ONLINE,disagree
2026-09-06T04:37:19+00:00,aws:iqm:qpu:garnet,UNAVAILABLE,aws-braket,ONLINE,disagree
2026-09-06T04:37:19+00:00,aws:quera:qpu:aquila,ONLINE,aws-braket,ONLINE,agree
2026-09-06T04:37:19+00:00,aws:rigetti:qpu:cepheus-1-108q,ONLINE,aws-braket,ONLINE,agree
2026-09-06T04:37:19+00:00,ibm:ibm:qpu:fez,ONLINE,ibm,ONLINE,agree
2026-09-06T04:37:19+00:00,ibm:ibm:qpu:kingston,ONLINE,ibm,ONLINE,agree
2026-09-06T04:37:19+00:00,ibm:ibm:qpu:marrakesh,ONLINE,ibm,ONLINE,agree
2026-09-06T10:55:06+00:00,aws:aqt:qpu:ibex-q1,UNAVAILABLE,aws-braket,ONLINE,disagree
2026-09-06T10:55:06+00:00,aws:ionq:qpu:forte-1,OFFLINE,aws-braket,OFFLINE,agree
2026-09-06T10:55:06+00:00,aws:ionq:qpu:forte-enterprise-1,ONLINE,aws-braket,ONLINE,agree
2026-09-06T10:55:06+00:00,aws:iqm:qpu:emerald,UNAVAILABLE,aws-braket,ONLINE,disagree
2026-09-06T10:55:06+00:00,aws:iqm:qpu:garnet,UNAVAILABLE,aws-braket,ONLINE,disagree
2026-09-06T10:55:06+00:00,aws:quera:qpu:aquila,ONLINE,aws-braket,ONLINE,agree
2026-09-06T10:55:06+00:00,aws:rigetti:qpu:cepheus-1-108q,ONLINE,aws-braket,ONLINE,agree
2026-09-06T10:55:06+00:00,ibm:ibm:qpu:fez,ONLINE,ibm,ONLINE,agree
2026-09-06T10:55:06+00:00,ibm:ibm:qpu:kingston,ONLINE,ibm,ONLINE,agree
2026-09-06T10:55:06+00:00,ibm:ibm:qpu:marrakesh,ONLINE,ibm,ONLINE,agree
2026-09-06T15:27:27+00:00,aws:aqt:qpu:ibex-q1,UNAVAILABLE,aws-braket,ONLINE,disagree
2026-09-06T15:27:27+00:00,aws:ionq:qpu:forte-1,OFFLINE,aws-braket,OFFLINE,agree
2026-09-06T15:27:27+00:00,aws:ionq:qpu:forte-enterprise-1,ONLINE,aws-braket,ONLINE,agree
2026-09-06T15:27:27+00:00,aws:iqm:qpu:emerald,UNAVAILABLE,aws-braket,ONLINE,disagree
2026-09-06T15:27:27+00:00,aws:iqm:qpu:garnet,UNAVAILABLE,aws-braket,ONLINE,disagree
2026-09-06T15:27:27+00:00,aws:quera:qpu:aquila,ONLINE,aws-braket,ONLINE,agree
2026-09-06T15:27:27+00:00,aws:rigetti:qpu:cepheus-1-108q,ONLINE,aws-braket,ONLINE,agree
2026-09-06T15:27:27+00:00,ibm:ibm:qpu:fez,ONLINE,ibm,ONLINE,agree
2026-09-06T15:27:27+00:00,ibm:ibm:qpu:kingston,ONLINE,ibm,ONLINE,agree
2026-09-06T15:27:27+00:00,ibm:ibm:qpu:marrakesh,ONLINE,ibm,ONLINE,agree
2026-09-06T20:23:24+00:00,aws:aqt:qpu:ibex-q1,UNAVAILABLE,aws-braket,ONLINE,disagree
2026-09-06T20:23:24+00:00,aws:ionq:qpu:forte-1,OFFLINE,aws-braket,OFFLINE,agree
2026-09-06T20:23:24+00:00,aws:ionq:qpu:forte-enterprise-1,ONLINE,aws-braket,ONLINE,agree
2026-09-06T20:23:24+00:00,aws:iqm:qpu:emerald,UNAVAILABLE,aws-braket,ONLINE,disagree
2026-09-06T20:23:24+00:00,aws:iqm:qpu:garnet,UNAVAILABLE,aws-braket,ONLINE,disagree
2026-09-06T20:23:24+00:00,aws:quera:qpu:aquila,ONLINE,aws-braket,ONLINE,agree
2026-09-06T20:23:24+00:00,aws:rigetti:qpu:cepheus-1-108q,UNAVAILABLE,aws-braket,ONLINE,disagree
2026-09-06T20:23:24+00:00,ibm:ibm:qpu:fez,ONLINE,ibm,ONLINE,agree
2026-09-06T20:23:24+00:00,ibm:ibm:qpu:kingston,ONLINE,ibm,ONLINE,agree
2026-09-06T20:23:24+00:00,ibm:ibm:qpu:marrakesh,ONLINE,ibm,ONLINE,agree
2026-09-07T04:39:17+00:00,aws:aqt:qpu:ibex-q1,UNAVAILABLE,aws-braket,ONLINE,disagree
2026-09-07T04:39:17+00:00,aws:ionq:qpu:forte-1,OFFLINE,aws-braket,OFFLINE,agree
2026-09-07T04:39:17+00:00,aws:ionq:qpu:forte-enterprise-1,ONLINE,aws-braket,ONLINE,agree
2026-09-07T04:39:17+00:00,aws:iqm:qpu:emerald,UNAVAILABLE,aws-braket,ONLINE,disagree
2026-09-07T04:39:17+00:00,aws:iqm:qpu:garnet,ONLINE,aws-braket,ONLINE,agree
2026-09-07T04:39:17+00:00,aws:quera:qpu:aquila,UNAVAILABLE,aws-braket,ONLINE,disagree
2026-09-07T04:39:17+00:00,aws:rigetti:qpu:cepheus-1-108q,ONLINE,aws-braket,ONLINE,agree
2026-09-07T04:39:17+00:00,ibm:ibm:qpu:fez,ONLINE,ibm,ONLINE,agree
2026-09-07T04:39:17+00:00,ibm:ibm:qpu:kingston,ONLINE,ibm,ONLINE,agree
2026-09-07T04:39:17+00:00,ibm:ibm:qpu:marrakesh,ONLINE,ibm,ONLINE,agree
2026-09-07T12:30:08+00:00,aws:aqt:qpu:ibex-q1,ONLINE,aws-braket,ONLINE,agree
2026-09-07T12:30:08+00:00,aws:ionq:qpu:forte-1,OFFLINE,aws-braket,OFFLINE,agree
2026-09-07T12:30:08+00:00,aws:ionq:qpu:forte-enterprise-1,ONLINE,aws-braket,ONLINE,agree
2026-09-07T12:30:08+00:00,aws:iqm:qpu:emerald,ONLINE,aws-braket,ONLINE,agree
2026-09-07T12:30:08+00:00,aws:iqm:qpu:garnet,ONLINE,aws-braket,ONLINE,agree
2026-09-07T12:30:08+00:00,aws:quera:qpu:aquila,UNAVAILABLE,aws-braket,ONLINE,disagree
2026-09-07T12:30:08+00:00,aws:rigetti:qpu:cepheus-1-108q,ONLINE,aws-braket,ONLINE,agree
2026-09-07T12:30:08+00:00,ibm:ibm:qpu:fez,ONLINE,ibm,ONLINE,agree
2026-09-07T12:30:08+00:00,ibm:ibm:qpu:kingston,ONLINE,ibm,ONLINE,agree
2026-09-07T12:30:08+00:00,ibm:ibm:qpu:marrakesh,ONLINE,ibm,ONLINE,agree
2026-09-07T21:30:27+00:00,aws:aqt:qpu:ibex-q1,UNAVAILABLE,aws-braket,ONLINE,disagree
2026-09-07T21:30:27+00:00,aws:ionq:qpu:forte-1,OFFLINE,aws-braket,OFFLINE,agree
2026-09-07T21:30:27+00:00,aws:ionq:qpu:forte-enterprise-1,ONLINE,aws-braket,ONLINE,agree
2026-09-07T21:30:27+00:00,aws:iqm:qpu:emerald,ONLINE,aws-braket,ONLINE,agree
2026-09-07T21:30:27+00:00,aws:iqm:qpu:garnet,ONLINE,aws-braket,ONLINE,agree
2026-09-07T21:30:27+00:00,aws:quera:qpu:aquila,UNAVAILABLE,aws-braket,ONLINE,disagree
2026-09-07T21:30:27+00:00,aws:rigetti:qpu:cepheus-1-108q,ONLINE,aws-braket,ONLINE,agree
2026-09-07T21:30:27+00:00,ibm:ibm:qpu:fez,ONLINE,ibm,ONLINE,agree
2026-09-07T21:30:27+00:00,ibm:ibm:qpu:kingston,ONLINE,ibm,ONLINE,agree
2026-09-07T21:30:27+00:00,ibm:ibm:qpu:marrakesh,ONLINE,ibm,ONLINE,agree
2026-09-08T04:34:00+00:00,aws:aqt:qpu:ibex-q1,UNAVAILABLE,aws-braket,ONLINE,disagree
2026-09-08T04:34:00+00:00,aws:ionq:qpu:forte-1,OFFLINE,aws-braket,OFFLINE,agree
2026-09-08T04:34:00+00:00,aws:ionq:qpu:forte-enterprise-1,ONLINE,aws-braket,ONLINE,agree
2026-09-08T04:34:00+00:00,aws:iqm:qpu:emerald,UNAVAILABLE,aws-braket,ONLINE,disagree
2026-09-08T04:34:00+00:00,aws:iqm:qpu:garnet,ONLINE,aws-braket,ONLINE,agree
2026-09-08T04:34:00+00:00,aws:quera:qpu:aquila,UNAVAILABLE,aws-braket,ONLINE,disagree
2026-09-08T04:34:00+00:00,aws:rigetti:qpu:cepheus-1-108q,ONLINE,aws-braket,ONLINE,agree
2026-09-08T04:34:00+00:00,ibm:ibm:qpu:fez,ONLINE,ibm,ONLINE,agree
2026-09-08T04:34:00+00:00,ibm:ibm:qpu:kingston,ONLINE,ibm,ONLINE,agree
2026-09-08T04:34:00+00:00,ibm:ibm:qpu:marrakesh,ONLINE,ibm,ONLINE,agree
2026-09-08T11:17:27+00:00,aws:aqt:qpu:ibex-q1,ONLINE,aws-braket,ONLINE,agree
2026-09-08T11:17:27+00:00,aws:ionq:qpu:forte-1,OFFLINE,aws-braket,OFFLINE,agree
2026-09-08T11:17:27+00:00,aws:ionq:qpu:forte-enterprise-1,ONLINE,aws-braket,ONLINE,agree
2026-09-08T11:17:27+00:00,aws:iqm:qpu:emerald,ONLINE,aws-braket,ONLINE,agree
2026-09-08T11:17:27+00:00,aws:iqm:qpu:garnet,ONLINE,aws-braket,ONLINE,agree
2026-09-08T11:17:27+00:00,aws:quera:qpu:aquila,UNAVAILABLE,aws-braket,ONLINE,disagree
2026-09-08T11:17:27+00:00,aws:rigetti:qpu:cepheus-1-108q,ONLINE,aws-braket,ONLINE,agree
2026-09-08T11:17:27+00:00,ibm:ibm:qpu:fez,ONLINE,ibm,ONLINE,agree
2026-09-08T11:17:27+00:00,ibm:ibm:qpu:kingston,ONLINE,ibm,ONLINE,agree
2026-09-08T11:17:27+00:00,ibm:ibm:qpu:marrakesh,ONLINE,ibm,ONLINE,agree
2026-09-08T16:37:29+00:00,aws:aqt:qpu:ibex-q1,UNAVAILABLE,aws-braket,ONLINE,disagree
2026-09-08T16:37:29+00:00,aws:ionq:qpu:forte-1,OFFLINE,aws-braket,OFFLINE,agree
2026-09-08T16:37:29+00:00,aws:ionq:qpu:forte-enterprise-1,ONLINE,aws-braket,ONLINE,agree
2026-09-08T16:37:29+00:00,aws:iqm:qpu:emerald,ONLINE,aws-braket,ONLINE,agree
2026-09-08T16:37:29+00:00,aws:iqm:qpu:garnet,UNAVAILABLE,aws-braket,ONLINE,disagree
2026-09-08T16:37:29+00:00,aws:quera:qpu:aquila,UNAVAILABLE,aws-braket,ONLINE,disagree
2026-09-08T16:37:29+00:00,aws:rigetti:qpu:cepheus-1-108q,ONLINE,aws-braket,ONLINE,agree
2026-09-08T16:37:29+00:00,ibm:ibm:qpu:fez,ONLINE,ibm,ONLINE,agree
2026-09-08T16:37:29+00:00,ibm:ibm:qpu:kingston,ONLINE,ibm,ONLINE,agree
2026-09-08T16:37:29+00:00,ibm:ibm:qpu:marrakesh,ONLINE,ibm,ONLINE,agree
2026-09-08T21:08:49+00:00,aws:aqt:qpu:ibex-q1,UNAVAILABLE,aws-braket,ONLINE,disagree
2026-09-08T21:08:49+00:00,aws:ionq:qpu:forte-1,OFFLINE,aws-braket,OFFLINE,agree
2026-09-08T21:08:49+00:00,aws:ionq:qpu:forte-enterprise-1,ONLINE,aws-braket,ONLINE,agree
2026-09-08T21:08:49+00:00,aws:iqm:qpu:emerald,ONLINE,aws-braket,ONLINE,agree
2026-09-08T21:08:49+00:00,aws:iqm:qpu:garnet,ONLINE,aws-braket,ONLINE,agree
2026-09-08T21:08:49+00:00,aws:quera:qpu:aquila,UNAVAILABLE,aws-braket,ONLINE,disagree
2026-09-08T21:08:49+00:00,aws:rigetti:qpu:cepheus-1-108q,ONLINE,aws-braket,ONLINE,agree
2026-09-08T21:08:49+00:00,ibm:ibm:qpu:fez,ONLINE,ibm,ONLINE,agree
2026-09-08T21:08:49+00:00,ibm:ibm:qpu:kingston,ONLINE,ibm,ONLINE,agree
2026-09-08T21:08:49+00:00,ibm:ibm:qpu:marrakesh,ONLINE,ibm,ONLINE,agree
2026-09-09T04:40:14+00:00,aws:aqt:qpu:ibex-q1,UNAVAILABLE,aws-braket,ONLINE,disagree
2026-09-09T04:40:14+00:00,aws:ionq:qpu:forte-1,OFFLINE,aws-braket,OFFLINE,agree
2026-09-09T04:40:14+00:00,aws:ionq:qpu:forte-enterprise-1,ONLINE,aws-braket,ONLINE,agree
2026-09-09T04:40:14+00:00,aws:iqm:qpu:emerald,UNAVAILABLE,aws-braket,ONLINE,disagree
2026-09-09T04:40:14+00:00,aws:iqm:qpu:garnet,ONLINE,aws-braket,ONLINE,agree
2026-09-09T04:40:14+00:00,aws:quera:qpu:aquila,UNAVAILABLE,aws-braket,ONLINE,disagree
2026-09-09T04:40:14+00:00,aws:rigetti:qpu:cepheus-1-108q,ONLINE,aws-braket,ONLINE,agree
2026-09-09T04:40:14+00:00,ibm:ibm:qpu:fez,ONLINE,ibm,ONLINE,agree
2026-09-09T04:40:14+00:00,ibm:ibm:qpu:kingston,ONLINE,ibm,ONLINE,agree
2026-09-09T04:40:14+00:00,ibm:ibm:qpu:marrakesh,ONLINE,ibm,ONLINE,agree
2026-09-09T11:21:28+00:00,aws:aqt:qpu:ibex-q1,ONLINE,aws-braket,ONLINE,agree
2026-09-09T11:21:28+00:00,aws:ionq:qpu:forte-1,OFFLINE,aws-braket,OFFLINE,agree
2026-09-09T11:21:28+00:00,aws:ionq:qpu:forte-enterprise-1,ONLINE,aws-braket,ONLINE,agree
2026-09-09T11:21:28+00:00,aws:iqm:qpu:emerald,ONLINE,aws-braket,ONLINE,agree
2026-09-09T11:21:28+00:00,aws:iqm:qpu:garnet,ONLINE,aws-braket,ONLINE,agree
2026-09-09T11:21:28+00:00,aws:quera:qpu:aquila,UNAVAILABLE,aws-braket,ONLINE,disagree
2026-09-09T11:21:28+00:00,aws:rigetti:qpu:cepheus-1-108q,ONLINE,aws-braket,ONLINE,agree
2026-09-09T11:21:28+00:00,ibm:ibm:qpu:fez,ONLINE,ibm,ONLINE,agree
2026-09-09T11:21:28+00:00,ibm:ibm:qpu:kingston,ONLINE,ibm,ONLINE,agree
2026-09-09T11:21:28+00:00,ibm:ibm:qpu:marrakesh,ONLINE,ibm,ONLINE,agree
2026-09-09T16:37:28+00:00,aws:aqt:qpu:ibex-q1,UNAVAILABLE,aws-braket,ONLINE,disagree
2026-09-09T16:37:28+00:00,aws:ionq:qpu:forte-1,OFFLINE,aws-braket,OFFLINE,agree
2026-09-09T16:37:28+00:00,aws:ionq:qpu:forte-enterprise-1,ONLINE,aws-braket,ONLINE,agree
2026-09-09T16:37:28+00:00,aws:iqm:qpu:emerald,ONLINE,aws-braket,ONLINE,agree
2026-09-09T16:37:28+00:00,aws:iqm:qpu:garnet,UNAVAILABLE,aws-braket,ONLINE,disagree
2026-09-09T16:37:28+00:00,aws:quera:qpu:aquila,UNAVAILABLE,aws-braket,ONLINE,disagree
2026-09-09T16:37:28+00:00,aws:rigetti:qpu:cepheus-1-108q,ONLINE,aws-braket,ONLINE,agree
2026-09-09T16:37:28+00:00,ibm:ibm:qpu:fez,ONLINE,ibm,ONLINE,agree
2026-09-09T16:37:28+00:00,ibm:ibm:qpu:kingston,ONLINE,ibm,ONLINE,agree
2026-09-09T16:37:28+00:00,ibm:ibm:qpu:marrakesh,ONLINE,ibm,ONLINE,agree
2026-09-09T20:55:23+00:00,aws:aqt:qpu:ibex-q1,UNAVAILABLE,aws-braket,ONLINE,disagree
2026-09-09T20:55:23+00:00,aws:ionq:qpu:forte-1,OFFLINE,aws-braket,OFFLINE,agree
2026-09-09T20:55:23+00:00,aws:ionq:qpu:forte-enterprise-1,ONLINE,aws-braket,ONLINE,agree
2026-09-09T20:55:23+00:00,aws:iqm:qpu:emerald,ONLINE,aws-braket,ONLINE,agree
2026-09-09T20:55:23+00:00,aws:iqm:qpu:garnet,ONLINE,aws-braket,ONLINE,agree
2026-09-09T20:55:23+00:00,aws:quera:qpu:aquila,UNAVAILABLE,aws-braket,ONLINE,disagree
2026-09-09T20:55:23+00:00,aws:rigetti:qpu:cepheus-1-108q,UNAVAILABLE,aws-braket,ONLINE,disagree
2026-09-09T20:55:23+00:00,ibm:ibm:qpu:fez,ONLINE,ibm,ONLINE,agree
2026-09-09T20:55:23+00:00,ibm:ibm:qpu:kingston,ONLINE,ibm,ONLINE,agree
2026-09-09T20:55:23+00:00,ibm:ibm:qpu:marrakesh,ONLINE,ibm,ONLINE,agree
2026-09-10T04:41:10+00:00,aws:aqt:qpu:ibex-q1,UNAVAILABLE,aws-braket,ONLINE,disagree
2026-09-10T04:41:10+00:00,aws:ionq:qpu:forte-1,OFFLINE,aws-braket,OFFLINE,agree
2026-09-10T04:41:10+00:00,aws:ionq:qpu:forte-enterprise-1,ONLINE,aws-braket,ONLINE,agree
2026-09-10T04:41:10+00:00,aws:iqm:qpu:emerald,UNAVAILABLE,aws-braket,ONLINE,disagree
2026-09-10T04:41:10+00:00,aws:iqm:qpu:garnet,ONLINE,aws-braket,ONLINE,agree
2026-09-10T04:41:10+00:00,aws:quera:qpu:aquila,UNAVAILABLE,aws-braket,ONLINE,disagree
2026-09-10T04:41:10+00:00,aws:rigetti:qpu:cepheus-1-108q,ONLINE,aws-braket,ONLINE,agree
2026-09-10T04:41:10+00:00,ibm:ibm:qpu:fez,ONLINE,ibm,ONLINE,agree
2026-09-10T04:41:10+00:00,ibm:ibm:qpu:kingston,ONLINE,ibm,ONLINE,agree
2026-09-10T04:41:10+00:00,ibm:ibm:qpu:marrakesh,ONLINE,ibm,ONLINE,agree
2026-09-10T11:17:46+00:00,aws:aqt:qpu:ibex-q1,UNAVAILABLE,aws-braket,ONLINE,disagree
2026-09-10T11:17:46+00:00,aws:ionq:qpu:forte-1,OFFLINE,aws-braket,OFFLINE,agree
2026-09-10T11:17:46+00:00,aws:ionq:qpu:forte-enterprise-1,UNAVAILABLE,aws-braket,ONLINE,disagree
2026-09-10T11:17:46+00:00,aws:iqm:qpu:emerald,ONLINE,aws-braket,ONLINE,agree
2026-09-10T11:17:46+00:00,aws:iqm:qpu:garnet,ONLINE,aws-braket,ONLINE,agree
2026-09-10T11:17:46+00:00,aws:quera:qpu:aquila,UNAVAILABLE,aws-braket,ONLINE,disagree
2026-09-10T11:17:46+00:00,aws:rigetti:qpu:cepheus-1-108q,ONLINE,aws-braket,ONLINE,agree
2026-09-10T11:17:46+00:00,ibm:ibm:qpu:fez,ONLINE,ibm,ONLINE,agree
2026-09-10T11:17:46+00:00,ibm:ibm:qpu:kingston,ONLINE,ibm,ONLINE,agree
2026-09-10T11:17:46+00:00,ibm:ibm:qpu:marrakesh,ONLINE,ibm,ONLINE,agree
2026-09-10T16:23:22+00:00,aws:aqt:qpu:ibex-q1,UNAVAILABLE,aws-braket,ONLINE,disagree
2026-09-10T16:23:22+00:00,aws:ionq:qpu:forte-1,OFFLINE,aws-braket,OFFLINE,agree
2026-09-10T16:23:22+00:00,aws:ionq:qpu:forte-enterprise-1,ONLINE,aws-braket,ONLINE,agree
2026-09-10T16:23:22+00:00,aws:iqm:qpu:emerald,ONLINE,aws-braket,ONLINE,agree
2026-09-10T16:23:22+00:00,aws:iqm:qpu:garnet,UNAVAILABLE,aws-braket,ONLINE,disagree
2026-09-10T16:23:22+00:00,aws:quera:qpu:aquila,UNAVAILABLE,aws-braket,ONLINE,disagree
2026-09-10T16:23:22+00:00,aws:rigetti:qpu:cepheus-1-108q,ONLINE,aws-braket,ONLINE,agree
2026-09-10T16:23:22+00:00,ibm:ibm:qpu:fez,ONLINE,ibm,ONLINE,agree
2026-09-10T16:23:22+00:00,ibm:ibm:qpu:kingston,ONLINE,ibm,ONLINE,agree
2026-09-10T16:23:22+00:00,ibm:ibm:qpu:marrakesh,ONLINE,ibm,ONLINE,agree
2026-09-10T20:51:22+00:00,aws:aqt:qpu:ibex-q1,UNAVAILABLE,aws-braket,ONLINE,disagree
2026-09-10T20:51:22+00:00,aws:ionq:qpu:forte-1,OFFLINE,aws-braket,OFFLINE,agree
2026-09-10T20:51:22+00:00,aws:ionq:qpu:forte-enterprise-1,ONLINE,aws-braket,ONLINE,agree
2026-09-10T20:51:22+00:00,aws:iqm:qpu:emerald,ONLINE,aws-braket,ONLINE,agree
2026-09-10T20:51:22+00:00,aws:iqm:qpu:garnet,ONLINE,aws-braket,ONLINE,agree
2026-09-10T20:51:22+00:00,aws:quera:qpu:aquila,UNAVAILABLE,aws-braket,ONLINE,disagree
2026-09-10T20:51:22+00:00,aws:rigetti:qpu:cepheus-1-108q,UNAVAILABLE,aws-braket,ONLINE,disagree
2026-09-10T20:51:22+00:00,ibm:ibm:qpu:fez,ONLINE,ibm,ONLINE,agree
2026-09-10T20:51:22+00:00,ibm:ibm:qpu:kingston,ONLINE,ibm,ONLINE,agree
2026-09-10T20:51:22+00:00,ibm:ibm:qpu:marrakesh,ONLINE,ibm,ONLINE,agree
2026-09-11T04:38:22+00:00,aws:aqt:qpu:ibex-q1,UNAVAILABLE,aws-braket,ONLINE,disagree
2026-09-11T04:38:22+00:00,aws:ionq:qpu:forte-1,OFFLINE,aws-braket,OFFLINE,agree
2026-09-11T04:38:22+00:00,aws:ionq:qpu:forte-enterprise-1,ONLINE,aws-braket,ONLINE,agree
2026-09-11T04:38:22+00:00,aws:iqm:qpu:emerald,UNAVAILABLE,aws-braket,ONLINE,disagree
2026-09-11T04:38:22+00:00,aws:iqm:qpu:garnet,ONLINE,aws-braket,ONLINE,agree
2026-09-11T04:38:22+00:00,aws:quera:qpu:aquila,ONLINE,aws-braket,ONLINE,agree
2026-09-11T04:38:22+00:00,aws:rigetti:qpu:cepheus-1-108q,ONLINE,aws-braket,ONLINE,agree
2026-09-11T04:38:22+00:00,ibm:ibm:qpu:fez,ONLINE,ibm,ONLINE,agree
2026-09-11T04:38:22+00:00,ibm:ibm:qpu:kingston,ONLINE,ibm,ONLINE,agree
2026-09-11T04:38:22+00:00,ibm:ibm:qpu:marrakesh,ONLINE,ibm,ONLINE,agree
2026-09-11T11:19:04+00:00,aws:aqt:qpu:ibex-q1,ONLINE,aws-braket,ONLINE,agree
2026-09-11T11:19:04+00:00,aws:ionq:qpu:forte-1,OFFLINE,aws-braket,OFFLINE,agree
2026-09-11T11:19:04+00:00,aws:ionq:qpu:forte-enterprise-1,ONLINE,aws-braket,ONLINE,agree
2026-09-11T11:19:04+00:00,aws:iqm:qpu:emerald,ONLINE,aws-braket,ONLINE,agree
2026-09-11T11:19:04+00:00,aws:iqm:qpu:garnet,ONLINE,aws-braket,ONLINE,agree
2026-09-11T11:19:04+00:00,aws:quera:qpu:aquila,ONLINE,aws-braket,ONLINE,agree
2026-09-11T11:19:04+00:00,aws:rigetti:qpu:cepheus-1-108q,ONLINE,aws-braket,ONLINE,agree
2026-09-11T11:19:04+00:00,ibm:ibm:qpu:fez,ONLINE,ibm,ONLINE,agree
2026-09-11T11:19:04+00:00,ibm:ibm:qpu:kingston,ONLINE,ibm,ONLINE,agree
2026-09-11T11:19:04+00:00,ibm:ibm:qpu:marrakesh,ONLINE,ibm,ONLINE,agree
2026-09-11T16:27:28+00:00,aws:aqt:qpu:ibex-q1,UNAVAILABLE,aws-braket,ONLINE,disagree
2026-09-11T16:27:28+00:00,aws:ionq:qpu:forte-1,OFFLINE,aws-braket,OFFLINE,agree
2026-09-11T16:27:28+00:00,aws:ionq:qpu:forte-enterprise-1,ONLINE,aws-braket,ONLINE,agree
2026-09-11T16:27:28+00:00,aws:iqm:qpu:emerald,ONLINE,aws-braket,ONLINE,agree
2026-09-11T16:27:28+00:00,aws:iqm:qpu:garnet,UNAVAILABLE,aws-braket,ONLINE,disagree
2026-09-11T16:27:28+00:00,aws:quera:qpu:aquila,ONLINE,aws-braket,ONLINE,agree
2026-09-11T16:27:28+00:00,aws:rigetti:qpu:cepheus-1-108q,ONLINE,aws-braket,ONLINE,agree
2026-09-11T16:27:28+00:00,ibm:ibm:qpu:fez,ONLINE,ibm,ONLINE,agree
2026-09-11T16:27:28+00:00,ibm:ibm:qpu:kingston,ONLINE,ibm,ONLINE,agree
2026-09-11T16:27:28+00:00,ibm:ibm:qpu:marrakesh,ONLINE,ibm,ONLINE,agree
2026-09-11T20:57:23+00:00,aws:aqt:qpu:ibex-q1,UNAVAILABLE,aws-braket,ONLINE,disagree
2026-09-11T20:57:23+00:00,aws:ionq:qpu:forte-1,OFFLINE,aws-braket,OFFLINE,agree
2026-09-11T20:57:23+00:00,aws:ionq:qpu:forte-enterprise-1,ONLINE,aws-braket,ONLINE,agree
2026-09-11T20:57:23+00:00,aws:iqm:qpu:emerald,ONLINE,aws-braket,ONLINE,agree
2026-09-11T20:57:23+00:00,aws:iqm:qpu:garnet,ONLINE,aws-braket,ONLINE,agree
2026-09-11T20:57:23+00:00,aws:quera:qpu:aquila,ONLINE,aws-braket,ONLINE,agree
2026-09-11T20:57:23+00:00,aws:rigetti:qpu:cepheus-1-108q,UNAVAILABLE,aws-braket,ONLINE,disagree
2026-09-11T20:57:23+00:00,ibm:ibm:qpu:fez,ONLINE,ibm,ONLINE,agree
2026-09-11T20:57:23+00:00,ibm:ibm:qpu:kingston,ONLINE,ibm,ONLINE,agree
2026-09-11T20:57:23+00:00,ibm:ibm:qpu:marrakesh,ONLINE,ibm,ONLINE,agree
2026-09-12T04:33:05+00:00,aws:aqt:qpu:ibex-q1,UNAVAILABLE,aws-braket,ONLINE,disagree
2026-09-12T04:33:05+00:00,aws:ionq:qpu:forte-1,OFFLINE,aws-braket,OFFLINE,agree
2026-09-12T04:33:05+00:00,aws:ionq:qpu:forte-enterprise-1,ONLINE,aws-braket,ONLINE,agree
2026-09-12T04:33:05+00:00,aws:iqm:qpu:emerald,UNAVAILABLE,aws-braket,ONLINE,disagree
2026-09-12T04:33:05+00:00,aws:iqm:qpu:garnet,UNAVAILABLE,aws-braket,ONLINE,disagree
2026-09-12T04:33:05+00:00,aws:quera:qpu:aquila,ONLINE,aws-braket,ONLINE,agree
2026-09-12T04:33:05+00:00,aws:rigetti:qpu:cepheus-1-108q,ONLINE,aws-braket,ONLINE,agree
2026-09-12T04:33:05+00:00,ibm:ibm:qpu:fez,ONLINE,ibm,ONLINE,agree
2026-09-12T04:33:05+00:00,ibm:ibm:qpu:kingston,ONLINE,ibm,ONLINE,agree
2026-09-12T04:33:05+00:00,ibm:ibm:qpu:marrakesh,ONLINE,ibm,ONLINE,agree
2026-09-12T10:44:47+00:00,aws:aqt:qpu:ibex-q1,UNAVAILABLE,aws-braket,ONLINE,disagree
2026-09-12T10:44:47+00:00,aws:ionq:qpu:forte-1,OFFLINE,aws-braket,OFFLINE,agree
2026-09-12T10:44:47+00:00,aws:ionq:qpu:forte-enterprise-1,ONLINE,aws-braket,ONLINE,agree
2026-09-12T10:44:47+00:00,aws:iqm:qpu:emerald,UNAVAILABLE,aws-braket,ONLINE,disagree
2026-09-12T10:44:47+00:00,aws:iqm:qpu:garnet,UNAVAILABLE,aws-braket,ONLINE,disagree
2026-09-12T10:44:47+00:00,aws:quera:qpu:aquila,ONLINE,aws-braket,ONLINE,agree
2026-09-12T10:44:47+00:00,aws:rigetti:qpu:cepheus-1-108q,ONLINE,aws-braket,ONLINE,agree
2026-09-12T10:44:47+00:00,ibm:ibm:qpu:fez,ONLINE,ibm,ONLINE,agree
2026-09-12T10:44:47+00:00,ibm:ibm:qpu:kingston,ONLINE,ibm,ONLINE,agree
2026-09-12T10:44:47+00:00,ibm:ibm:qpu:marrakesh,ONLINE,ibm,ONLINE,agree
2026-09-12T15:30:51+00:00,aws:aqt:qpu:ibex-q1,UNAVAILABLE,aws-braket,ONLINE,disagree
2026-09-12T15:30:51+00:00,aws:ionq:qpu:forte-1,OFFLINE,aws-braket,OFFLINE,agree
2026-09-12T15:30:51+00:00,aws:ionq:qpu:forte-enterprise-1,ONLINE,aws-braket,ONLINE,agree
2026-09-12T15:30:51+00:00,aws:iqm:qpu:emerald,UNAVAILABLE,aws-braket,ONLINE,disagree
2026-09-12T15:30:51+00:00,aws:iqm:qpu:garnet,UNAVAILABLE,aws-braket,ONLINE,disagree
2026-09-12T15:30:51+00:00,aws:quera:qpu:aquila,ONLINE,aws-braket,ONLINE,agree
2026-09-12T15:30:51+00:00,aws:rigetti:qpu:cepheus-1-108q,ONLINE,aws-braket,ONLINE,agree
2026-09-12T15:30:51+00:00,ibm:ibm:qpu:fez,ONLINE,ibm,ONLINE,agree
2026-09-12T15:30:51+00:00,ibm:ibm:qpu:kingston,ONLINE,ibm,ONLINE,agree
2026-09-12T15:30:51+00:00,ibm:ibm:qpu:marrakesh,ONLINE,ibm,ONLINE,agree
2026-09-12T21:14:46+00:00,aws:aqt:qpu:ibex-q1,UNAVAILABLE,aws-braket,ONLINE,disagree
2026-09-12T21:14:46+00:00,aws:ionq:qpu:forte-1,OFFLINE,aws-braket,OFFLINE,agree
2026-09-12T21:14:46+00:00,aws:ionq:qpu:forte-enterprise-1,ONLINE,aws-braket,ONLINE,agree
2026-09-12T21:14:46+00:00,aws:iqm:qpu:emerald,UNAVAILABLE,aws-braket,ONLINE,disagree
2026-09-12T21:14:46+00:00,aws:iqm:qpu:garnet,UNAVAILABLE,aws-braket,ONLINE,disagree
2026-09-12T21:14:46+00:00,aws:quera:qpu:aquila,ONLINE,aws-braket,ONLINE,agree
2026-09-12T21:14:46+00:00,aws:rigetti:qpu:cepheus-1-108q,ONLINE,aws-braket,ONLINE,agree
2026-09-12T21:14:46+00:00,ibm:ibm:qpu:fez,ONLINE,ibm,ONLINE,agree
2026-09-12T21:14:46+00:00,ibm:ibm:qpu:kingston,ONLINE,ibm,ONLINE,agree
2026-09-12T21:14:46+00:00,ibm:ibm:qpu:marrakesh,ONLINE,ibm,ONLINE,agree
2026-09-13T04:45:50+00:00,aws:aqt:qpu:ibex-q1,UNAVAILABLE,aws-braket,ONLINE,disagree
2026-09-13T04:45:50+00:00,aws:ionq:qpu:forte-1,OFFLINE,aws-braket,OFFLINE,agree
2026-09-13T04:45:50+00:00,aws:ionq:qpu:forte-enterprise-1,ONLINE,aws-braket,ONLINE,agree
2026-09-13T04:45:50+00:00,aws:iqm:qpu:emerald,UNAVAILABLE,aws-braket,ONLINE,disagree
2026-09-13T04:45:50+00:00,aws:iqm:qpu:garnet,UNAVAILABLE,aws-braket,ONLINE,disagree
2026-09-13T04:45:50+00:00,aws:quera:qpu:aquila,ONLINE,aws-braket,ONLINE,agree
2026-09-13T04:45:50+00:00,aws:rigetti:qpu:cepheus-1-108q,ONLINE,aws-braket,ONLINE,agree
2026-09-13T04:45:50+00:00,ibm:ibm:qpu:fez,ONLINE,ibm,ONLINE,agree
2026-09-13T04:45:50+00:00,ibm:ibm:qpu:kingston,ONLINE,ibm,ONLINE,agree
2026-09-13T04:45:50+00:00,ibm:ibm:qpu:marrakesh,ONLINE,ibm,ONLINE,agree
2026-09-13T11:50:09+00:00,aws:aqt:qpu:ibex-q1,UNAVAILABLE,aws-braket,ONLINE,disagree
2026-09-13T11:50:09+00:00,aws:ionq:qpu:forte-1,OFFLINE,aws-braket,OFFLINE,agree
2026-09-13T11:50:09+00:00,aws:ionq:qpu:forte-enterprise-1,ONLINE,aws-braket,ONLINE,agree
2026-09-13T11:50:09+00:00,aws:iqm:qpu:emerald,UNAVAILABLE,aws-braket,ONLINE,disagree
2026-09-13T11:50:09+00:00,aws:iqm:qpu:garnet,UNAVAILABLE,aws-braket,ONLINE,disagree
2026-09-13T11:50:09+00:00,aws:quera:qpu:aquila,ONLINE,aws-braket,ONLINE,agree
2026-09-13T11:50:09+00:00,aws:rigetti:qpu:cepheus-1-108q,ONLINE,aws-braket,ONLINE,agree
2026-09-13T11:50:09+00:00,ibm:ibm:qpu:fez,ONLINE,ibm,ONLINE,agree
2026-09-13T11:50:09+00:00,ibm:ibm:qpu:kingston,ONLINE,ibm,ONLINE,agree
2026-09-13T11:50:09+00:00,ibm:ibm:qpu:marrakesh,ONLINE,ibm,ONLINE,agree
2026-09-13T16:15:35+00:00,aws:aqt:qpu:ibex-q1,UNAVAILABLE,aws-braket,ONLINE,disagree
2026-09-13T16:15:35+00:00,aws:ionq:qpu:forte-1,OFFLINE,aws-braket,OFFLINE,agree
2026-09-13T16:15:35+00:00,aws:ionq:qpu:forte-enterprise-1,ONLINE,aws-braket,ONLINE,agree
2026-09-13T16:15:35+00:00,aws:iqm:qpu:emerald,UNAVAILABLE,aws-braket,ONLINE,disagree
2026-09-13T16:15:35+00:00,aws:iqm:qpu:garnet,UNAVAILABLE,aws-braket,ONLINE,disagree
2026-09-13T16:15:35+00:00,aws:quera:qpu:aquila,ONLINE,aws-braket,ONLINE,agree
2026-09-13T16:15:35+00:00,aws:rigetti:qpu:cepheus-1-108q,ONLINE,aws-braket,ONLINE,agree
2026-09-13T16:15:35+00:00,ibm:ibm:qpu:fez,ONLINE,ibm,ONLINE,agree
2026-09-13T16:15:35+00:00,ibm:ibm:qpu:kingston,ONLINE,ibm,ONLINE,agree
2026-09-13T16:15:35+00:00,ibm:ibm:qpu:marrakesh,ONLINE,ibm,ONLINE,agree
2026-09-13T20:49:03+00:00,aws:aqt:qpu:ibex-q1,UNAVAILABLE,aws-braket,ONLINE,disagree
2026-09-13T20:49:03+00:00,aws:ionq:qpu:forte-1,OFFLINE,aws-braket,OFFLINE,agree
2026-09-13T20:49:03+00:00,aws:ionq:qpu:forte-enterprise-1,ONLINE,aws-braket,ONLINE,agree
2026-09-13T20:49:03+00:00,aws:iqm:qpu:emerald,UNAVAILABLE,aws-braket,ONLINE,disagree
2026-09-13T20:49:03+00:00,aws:iqm:qpu:garnet,UNAVAILABLE,aws-braket,ONLINE,disagree
2026-09-13T20:49:03+00:00,aws:quera:qpu:aquila,ONLINE,aws-braket,ONLINE,agree
2026-09-13T20:49:03+00:00,aws:rigetti:qpu:cepheus-1-108q,UNAVAILABLE,aws-braket,ONLINE,disagree
2026-09-13T20:49:03+00:00,ibm:ibm:qpu:fez,ONLINE,ibm,ONLINE,agree
2026-09-13T20:49:03+00:00,ibm:ibm:qpu:kingston,ONLINE,ibm,ONLINE,agree
2026-09-13T20:49:03+00:00,ibm:ibm:qpu:marrakesh,ONLINE,ibm,ONLINE,agree
2026-09-14T04:54:20+00:00,aws:aqt:qpu:ibex-q1,UNAVAILABLE,aws-braket,ONLINE,disagree
2026-09-14T04:54:20+00:00,aws:ionq:qpu:forte-1,OFFLINE,aws-braket,OFFLINE,agree
2026-09-14T04:54:20+00:00,aws:ionq:qpu:forte-enterprise-1,ONLINE,aws-braket,ONLINE,agree
2026-09-14T04:54:20+00:00,aws:iqm:qpu:emerald,UNAVAILABLE,aws-braket,ONLINE,disagree
2026-09-14T04:54:20+00:00,aws:iqm:qpu:garnet,ONLINE,aws-braket,ONLINE,agree
2026-09-14T04:54:20+00:00,aws:quera:qpu:aquila,UNAVAILABLE,aws-braket,ONLINE,disagree
2026-09-14T04:54:20+00:00,aws:rigetti:qpu:cepheus-1-108q,ONLINE,aws-braket,ONLINE,agree
2026-09-14T04:54:20+00:00,ibm:ibm:qpu:fez,ONLINE,ibm,ONLINE,agree
2026-09-14T04:54:20+00:00,ibm:ibm:qpu:kingston,ONLINE,ibm,ONLINE,agree
2026-09-14T04:54:20+00:00,ibm:ibm:qpu:marrakesh,ONLINE,ibm,ONLINE,agree
2026-09-14T12:43:55+00:00,aws:aqt:qpu:ibex-q1,ONLINE,aws-braket,ONLINE,agree
2026-09-14T12:43:55+00:00,aws:ionq:qpu:forte-1,OFFLINE,aws-braket,OFFLINE,agree
2026-09-14T12:43:55+00:00,aws:ionq:qpu:forte-enterprise-1,ONLINE,aws-braket,ONLINE,agree
2026-09-14T12:43:55+00:00,aws:iqm:qpu:emerald,ONLINE,aws-braket,ONLINE,agree
2026-09-14T12:43:55+00:00,aws:iqm:qpu:garnet,ONLINE,aws-braket,ONLINE,agree
2026-09-14T12:43:55+00:00,aws:quera:qpu:aquila,UNAVAILABLE,aws-braket,ONLINE,disagree
2026-09-14T12:43:55+00:00,aws:rigetti:qpu:cepheus-1-108q,ONLINE,aws-braket,ONLINE,agree
2026-09-14T12:43:55+00:00,ibm:ibm:qpu:fez,ONLINE,ibm,ONLINE,agree
2026-09-14T12:43:55+00:00,ibm:ibm:qpu:kingston,ONLINE,ibm,ONLINE,agree
2026-09-14T12:43:55+00:00,ibm:ibm:qpu:marrakesh,ONLINE,ibm,ONLINE,agree
2026-09-14T21:49:03+00:00,aws:aqt:qpu:ibex-q1,UNAVAILABLE,aws-braket,ONLINE,disagree
2026-09-14T21:49:03+00:00,aws:ionq:qpu:forte-1,OFFLINE,aws-braket,OFFLINE,agree
2026-09-14T21:49:03+00:00,aws:ionq:qpu:forte-enterprise-1,ONLINE,aws-braket,ONLINE,agree
2026-09-14T21:49:03+00:00,aws:iqm:qpu:emerald,ONLINE,aws-braket,ONLINE,agree
2026-09-14T21:49:03+00:00,aws:iqm:qpu:garnet,ONLINE,aws-braket,ONLINE,agree
2026-09-14T21:49:03+00:00,aws:quera:qpu:aquila,UNAVAILABLE,aws-braket,ONLINE,disagree
2026-09-14T21:49:03+00:00,aws:rigetti:qpu:cepheus-1-108q,ONLINE,aws-braket,ONLINE,agree
2026-09-14T21:49:03+00:00,ibm:ibm:qpu:fez,ONLINE,ibm,ONLINE,agree
2026-09-14T21:49:03+00:00,ibm:ibm:qpu:kingston,ONLINE,ibm,ONLINE,agree
2026-09-14T21:49:03+00:00,ibm:ibm:qpu:marrakesh,ONLINE,ibm,ONLINE,agree
2026-09-15T04:53:06+00:00,aws:aqt:qpu:ibex-q1,UNAVAILABLE,aws-braket,ONLINE,disagree
2026-09-15T04:53:06+00:00,aws:ionq:qpu:forte-1,OFFLINE,aws-braket,OFFLINE,agree
2026-09-15T04:53:06+00:00,aws:ionq:qpu:forte-enterprise-1,ONLINE,aws-braket,ONLINE,agree
2026-09-15T04:53:06+00:00,aws:iqm:qpu:emerald,UNAVAILABLE,aws-braket,ONLINE,disagree
2026-09-15T04:53:06+00:00,aws:iqm:qpu:garnet,ONLINE,aws-braket,ONLINE,agree
2026-09-15T04:53:06+00:00,aws:quera:qpu:aquila,UNAVAILABLE,aws-braket,ONLINE,disagree
2026-09-15T04:53:06+00:00,aws:rigetti:qpu:cepheus-1-108q,ONLINE,aws-braket,ONLINE,agree
2026-09-15T04:53:06+00:00,ibm:ibm:qpu:fez,ONLINE,ibm,ONLINE,agree
2026-09-15T04:53:06+00:00,ibm:ibm:qpu:kingston,ONLINE,ibm,ONLINE,agree
2026-09-15T04:53:06+00:00,ibm:ibm:qpu:marrakesh,ONLINE,ibm,ONLINE,agree
2026-09-15T11:42:57+00:00,aws:aqt:qpu:ibex-q1,ONLINE,aws-braket,ONLINE,agree
2026-09-15T11:42:57+00:00,aws:ionq:qpu:forte-1,OFFLINE,aws-braket,OFFLINE,agree
2026-09-15T11:42:57+00:00,aws:ionq:qpu:forte-enterprise-1,ONLINE,aws-braket,ONLINE,agree
2026-09-15T11:42:57+00:00,aws:iqm:qpu:emerald,ONLINE,aws-braket,ONLINE,agree
2026-09-15T11:42:57+00:00,aws:iqm:qpu:garnet,ONLINE,aws-braket,ONLINE,agree
2026-09-15T11:42:57+00:00,aws:quera:qpu:aquila,UNAVAILABLE,aws-braket,ONLINE,disagree
2026-09-15T11:42:57+00:00,aws:rigetti:qpu:cepheus-1-108q,ONLINE,aws-braket,ONLINE,agree
2026-09-15T11:42:57+00:00,ibm:ibm:qpu:fez,ONLINE,ibm,ONLINE,agree
2026-09-15T11:42:57+00:00,ibm:ibm:qpu:kingston,ONLINE,ibm,ONLINE,agree
2026-09-15T11:42:57+00:00,ibm:ibm:qpu:marrakesh,ONLINE,ibm,ONLINE,agree
2026-09-15T16:58:19+00:00,aws:aqt:qpu:ibex-q1,UNAVAILABLE,aws-braket,ONLINE,disagree
2026-09-15T16:58:19+00:00,aws:ionq:qpu:forte-1,OFFLINE,aws-braket,OFFLINE,agree
2026-09-15T16:58:19+00:00,aws:ionq:qpu:forte-enterprise-1,ONLINE,aws-braket,ONLINE,agree
2026-09-15T16:58:19+00:00,aws:iqm:qpu:emerald,ONLINE,aws-braket,ONLINE,agree
2026-09-15T16:58:19+00:00,aws:iqm:qpu:garnet,UNAVAILABLE,aws-braket,ONLINE,disagree
2026-09-15T16:58:19+00:00,aws:quera:qpu:aquila,UNAVAILABLE,aws-braket,ONLINE,disagree
2026-09-15T16:58:19+00:00,aws:rigetti:qpu:cepheus-1-108q,ONLINE,aws-braket,ONLINE,agree
2026-09-15T16:58:19+00:00,ibm:ibm:qpu:fez,UNAVAILABLE,ibm,ONLINE,disagree
2026-09-15T16:58:19+00:00,ibm:ibm:qpu:kingston,ONLINE,ibm,ONLINE,agree
2026-09-15T16:58:19+00:00,ibm:ibm:qpu:marrakesh,ONLINE,ibm,ONLINE,agree
2026-09-15T21:19:44+00:00,aws:aqt:qpu:ibex-q1,UNAVAILABLE,aws-braket,ONLINE,disagree
2026-09-15T21:19:44+00:00,aws:ionq:qpu:forte-1,OFFLINE,aws-braket,OFFLINE,agree
2026-09-15T21:19:44+00:00,aws:ionq:qpu:forte-enterprise-1,ONLINE,aws-braket,ONLINE,agree
2026-09-15T21:19:44+00:00,aws:iqm:qpu:emerald,ONLINE,aws-braket,ONLINE,agree
2026-09-15T21:19:44+00:00,aws:iqm:qpu:garnet,ONLINE,aws-braket,ONLINE,agree
2026-09-15T21:19:44+00:00,aws:quera:qpu:aquila,UNAVAILABLE,aws-braket,ONLINE,disagree
2026-09-15T21:19:44+00:00,aws:rigetti:qpu:cepheus-1-108q,ONLINE,aws-braket,ONLINE,agree
2026-09-15T21:19:44+00:00,ibm:ibm:qpu:fez,UNAVAILABLE,ibm,ONLINE,disagree
2026-09-15T21:19:44+00:00,ibm:ibm:qpu:kingston,ONLINE,ibm,ONLINE,agree
2026-09-15T21:19:44+00:00,ibm:ibm:qpu:marrakesh,ONLINE,ibm,ONLINE,agree
2026-09-16T04:47:53+00:00,aws:aqt:qpu:ibex-q1,UNAVAILABLE,aws-braket,ONLINE,disagree
2026-09-16T04:47:53+00:00,aws:ionq:qpu:forte-1,OFFLINE,aws-braket,OFFLINE,agree
2026-09-16T04:47:53+00:00,aws:ionq:qpu:forte-enterprise-1,ONLINE,aws-braket,ONLINE,agree
2026-09-16T04:47:53+00:00,aws:iqm:qpu:emerald,UNAVAILABLE,aws-braket,ONLINE,disagree
2026-09-16T04:47:53+00:00,aws:iqm:qpu:garnet,ONLINE,aws-braket,ONLINE,agree
2026-09-16T04:47:53+00:00,aws:quera:qpu:aquila,UNAVAILABLE,aws-braket,ONLINE,disagree
2026-09-16T04:47:53+00:00,aws:rigetti:qpu:cepheus-1-108q,ONLINE,aws-braket,ONLINE,agree
2026-09-16T04:47:53+00:00,ibm:ibm:qpu:fez,UNAVAILABLE,ibm,ONLINE,disagree
2026-09-16T04:47:53+00:00,ibm:ibm:qpu:kingston,ONLINE,ibm,ONLINE,agree
2026-09-16T04:47:53+00:00,ibm:ibm:qpu:marrakesh,ONLINE,ibm,ONLINE,agree
2026-09-16T11:30:42+00:00,aws:aqt:qpu:ibex-q1,ONLINE,aws-braket,ONLINE,agree
2026-09-16T11:30:42+00:00,aws:ionq:qpu:forte-1,OFFLINE,aws-braket,OFFLINE,agree
2026-09-16T11:30:42+00:00,aws:ionq:qpu:forte-enterprise-1,ONLINE,aws-braket,ONLINE,agree
2026-09-16T11:30:42+00:00,aws:iqm:qpu:emerald,ONLINE,aws-braket,ONLINE,agree
2026-09-16T11:30:42+00:00,aws:iqm:qpu:garnet,ONLINE,aws-braket,ONLINE,agree
2026-09-16T11:30:42+00:00,aws:quera:qpu:aquila,UNAVAILABLE,aws-braket,ONLINE,disagree
2026-09-16T11:30:42+00:00,aws:rigetti:qpu:cepheus-1-108q,ONLINE,aws-braket,ONLINE,agree
2026-09-16T11:30:42+00:00,ibm:ibm:qpu:fez,ONLINE,ibm,ONLINE,agree
2026-09-16T11:30:42+00:00,ibm:ibm:qpu:kingston,ONLINE,ibm,ONLINE,agree
2026-09-16T11:30:42+00:00,ibm:ibm:qpu:marrakesh,ONLINE,ibm,ONLINE,agree
2026-09-16T16:53:35+00:00,aws:aqt:qpu:ibex-q1,UNAVAILABLE,aws-braket,ONLINE,disagree
2026-09-16T16:53:35+00:00,aws:ionq:qpu:forte-1,OFFLINE,aws-braket,OFFLINE,agree
2026-09-16T16:53:35+00:00,aws:ionq:qpu:forte-enterprise-1,ONLINE,aws-braket,ONLINE,agree
2026-09-16T16:53:35+00:00,aws:iqm:qpu:emerald,ONLINE,aws-braket,ONLINE,agree
2026-09-16T16:53:35+00:00,aws:iqm:qpu:garnet,UNAVAILABLE,aws-braket,ONLINE,disagree
2026-09-16T16:53:35+00:00,aws:quera:qpu:aquila,UNAVAILABLE,aws-braket,ONLINE,disagree
2026-09-16T16:53:35+00:00,aws:rigetti:qpu:cepheus-1-108q,ONLINE,aws-braket,ONLINE,agree
2026-09-16T16:53:35+00:00,ibm:ibm:qpu:fez,ONLINE,ibm,ONLINE,agree
2026-09-16T16:53:35+00:00,ibm:ibm:qpu:kingston,ONLINE,ibm,ONLINE,agree
2026-09-16T16:53:35+00:00,ibm:ibm:qpu:marrakesh,ONLINE,ibm,ONLINE,agree
2026-09-16T21:17:15+00:00,aws:aqt:qpu:ibex-q1,UNAVAILABLE,aws-braket,ONLINE,disagree
2026-09-16T21:17:15+00:00,aws:ionq:qpu:forte-1,OFFLINE,aws-braket,OFFLINE,agree
2026-09-16T21:17:15+00:00,aws:ionq:qpu:forte-enterprise-1,ONLINE,aws-braket,ONLINE,agree
2026-09-16T21:17:15+00:00,aws:iqm:qpu:emerald,ONLINE,aws-braket,ONLINE,agree
2026-09-16T21:17:15+00:00,aws:iqm:qpu:garnet,ONLINE,aws-braket,ONLINE,agree
2026-09-16T21:17:15+00:00,aws:quera:qpu:aquila,UNAVAILABLE,aws-braket,ONLINE,disagree
2026-09-16T21:17:15+00:00,aws:rigetti:qpu:cepheus-1-108q,ONLINE,aws-braket,ONLINE,agree
2026-09-16T21:17:15+00:00,ibm:ibm:qpu:fez,ONLINE,ibm,ONLINE,agree
2026-09-16T21:17:15+00:00,ibm:ibm:qpu:kingston,ONLINE,ibm,ONLINE,agree
2026-09-16T21:17:15+00:00,ibm:ibm:qpu:marrakesh,ONLINE,ibm,ONLINE,agree
2026-09-17T04:51:31+00:00,aws:aqt:qpu:ibex-q1,UNAVAILABLE,aws-braket,ONLINE,disagree
2026-09-17T04:51:31+00:00,aws:ionq:qpu:forte-1,OFFLINE,aws-braket,OFFLINE,agree
2026-09-17T04:51:31+00:00,aws:ionq:qpu:forte-enterprise-1,ONLINE,aws-braket,ONLINE,agree
2026-09-17T04:51:31+00:00,aws:iqm:qpu:emerald,UNAVAILABLE,aws-braket,ONLINE,disagree
2026-09-17T04:51:31+00:00,aws:iqm:qpu:garnet,ONLINE,aws-braket,ONLINE,agree
2026-09-17T04:51:31+00:00,aws:quera:qpu:aquila,UNAVAILABLE,aws-braket,ONLINE,disagree
2026-09-17T04:51:31+00:00,aws:rigetti:qpu:cepheus-1-108q,ONLINE,aws-braket,ONLINE,agree
2026-09-17T04:51:31+00:00,ibm:ibm:qpu:fez,ONLINE,ibm,ONLINE,agree
2026-09-17T04:51:31+00:00,ibm:ibm:qpu:kingston,ONLINE,ibm,ONLINE,agree
2026-09-17T04:51:31+00:00,ibm:ibm:qpu:marrakesh,ONLINE,ibm,ONLINE,agree
2026-09-17T11:39:58+00:00,aws:aqt:qpu:ibex-q1,UNAVAILABLE,aws-braket,ONLINE,disagree
2026-09-17T11:39:58+00:00,aws:ionq:qpu:forte-1,OFFLINE,aws-braket,OFFLINE,agree
2026-09-17T11:39:58+00:00,aws:ionq:qpu:forte-enterprise-1,UNAVAILABLE,aws-braket,ONLINE,disagree
2026-09-17T11:39:58+00:00,aws:iqm:qpu:emerald,ONLINE,aws-braket,ONLINE,agree
2026-09-17T11:39:58+00:00,aws:iqm:qpu:garnet,ONLINE,aws-braket,ONLINE,agree
2026-09-17T11:39:58+00:00,aws:quera:qpu:aquila,UNAVAILABLE,aws-braket,ONLINE,disagree
2026-09-17T11:39:58+00:00,aws:rigetti:qpu:cepheus-1-108q,ONLINE,aws-braket,ONLINE,agree
2026-09-17T11:39:58+00:00,ibm:ibm:qpu:fez,ONLINE,ibm,ONLINE,agree
2026-09-17T11:39:58+00:00,ibm:ibm:qpu:kingston,ONLINE,ibm,ONLINE,agree
2026-09-17T11:39:58+00:00,ibm:ibm:qpu:marrakesh,ONLINE,ibm,ONLINE,agree
2026-09-17T16:59:27+00:00,aws:aqt:qpu:ibex-q1,UNAVAILABLE,aws-braket,ONLINE,disagree
2026-09-17T16:59:27+00:00,aws:ionq:qpu:forte-1,OFFLINE,aws-braket,OFFLINE,agree
2026-09-17T16:59:27+00:00,aws:ionq:qpu:forte-enterprise-1,ONLINE,aws-braket,ONLINE,agree
2026-09-17T16:59:27+00:00,aws:iqm:qpu:emerald,ONLINE,aws-braket,ONLINE,agree
2026-09-17T16:59:27+00:00,aws:iqm:qpu:garnet,UNAVAILABLE,aws-braket,ONLINE,disagree
2026-09-17T16:59:27+00:00,aws:quera:qpu:aquila,UNAVAILABLE,aws-braket,ONLINE,disagree
2026-09-17T16:59:27+00:00,aws:rigetti:qpu:cepheus-1-108q,ONLINE,aws-braket,ONLINE,agree
2026-09-17T16:59:27+00:00,ibm:ibm:qpu:fez,ONLINE,ibm,ONLINE,agree
2026-09-17T16:59:27+00:00,ibm:ibm:qpu:kingston,ONLINE,ibm,ONLINE,agree
2026-09-17T16:59:27+00:00,ibm:ibm:qpu:marrakesh,ONLINE,ibm,ONLINE,agree
2026-09-17T21:21:17+00:00,aws:aqt:qpu:ibex-q1,UNAVAILABLE,aws-braket,ONLINE,disagree
2026-09-17T21:21:17+00:00,aws:ionq:qpu:forte-1,OFFLINE,aws-braket,OFFLINE,agree
2026-09-17T21:21:17+00:00,aws:ionq:qpu:forte-enterprise-1,ONLINE,aws-braket,ONLINE,agree
2026-09-17T21:21:17+00:00,aws:iqm:qpu:emerald,ONLINE,aws-braket,ONLINE,agree
2026-09-17T21:21:17+00:00,aws:iqm:qpu:garnet,ONLINE,aws-braket,ONLINE,agree
2026-09-17T21:21:17+00:00,aws:quera:qpu:aquila,UNAVAILABLE,aws-braket,ONLINE,disagree
2026-09-17T21:21:17+00:00,aws:rigetti:qpu:cepheus-1-108q,ONLINE,aws-braket,ONLINE,agree
2026-09-17T21:21:17+00:00,ibm:ibm:qpu:fez,ONLINE,ibm,ONLINE,agree
2026-09-17T21:21:17+00:00,ibm:ibm:qpu:kingston,ONLINE,ibm,ONLINE,agree
2026-09-17T21:21:17+00:00,ibm:ibm:qpu:marrakesh,ONLINE,ibm,ONLINE,agree
2026-09-18T04:41:49+00:00,aws:aqt:qpu:ibex-q1,UNAVAILABLE,aws-braket,ONLINE,disagree
2026-09-18T04:41:49+00:00,aws:ionq:qpu:forte-1,OFFLINE,aws-braket,OFFLINE,agree
2026-09-18T04:41:49+00:00,aws:ionq:qpu:forte-enterprise-1,ONLINE,aws-braket,ONLINE,agree
2026-09-18T04:41:49+00:00,aws:iqm:qpu:emerald,UNAVAILABLE,aws-braket,ONLINE,disagree
2026-09-18T04:41:49+00:00,aws:iqm:qpu:garnet,ONLINE,aws-braket,ONLINE,agree
2026-09-18T04:41:49+00:00,aws:quera:qpu:aquila,ONLINE,aws-braket,ONLINE,agree
2026-09-18T04:41:49+00:00,aws:rigetti:qpu:cepheus-1-108q,ONLINE,aws-braket,ONLINE,agree
2026-09-18T04:41:49+00:00,ibm:ibm:qpu:fez,ONLINE,ibm,ONLINE,agree
2026-09-18T04:41:49+00:00,ibm:ibm:qpu:kingston,ONLINE,ibm,ONLINE,agree
2026-09-18T04:41:49+00:00,ibm:ibm:qpu:marrakesh,ONLINE,ibm,ONLINE,agree
2026-09-18T11:12:20+00:00,aws:aqt:qpu:ibex-q1,ONLINE,aws-braket,ONLINE,agree
2026-09-18T11:12:20+00:00,aws:ionq:qpu:forte-1,OFFLINE,aws-braket,OFFLINE,agree
2026-09-18T11:12:20+00:00,aws:ionq:qpu:forte-enterprise-1,ONLINE,aws-braket,ONLINE,agree
2026-09-18T11:12:20+00:00,aws:iqm:qpu:emerald,ONLINE,aws-braket,ONLINE,agree
2026-09-18T11:12:20+00:00,aws:iqm:qpu:garnet,ONLINE,aws-braket,ONLINE,agree
2026-09-18T11:12:20+00:00,aws:quera:qpu:aquila,ONLINE,aws-braket,ONLINE,agree
2026-09-18T11:12:20+00:00,aws:rigetti:qpu:cepheus-1-108q,ONLINE,aws-braket,ONLINE,agree
2026-09-18T11:12:20+00:00,ibm:ibm:qpu:fez,ONLINE,ibm,ONLINE,agree
2026-09-18T11:12:20+00:00,ibm:ibm:qpu:kingston,ONLINE,ibm,ONLINE,agree
2026-09-18T11:12:20+00:00,ibm:ibm:qpu:marrakesh,ONLINE,ibm,ONLINE,agree
2026-09-18T16:23:23+00:00,aws:aqt:qpu:ibex-q1,UNAVAILABLE,aws-braket,ONLINE,disagree
2026-09-18T16:23:23+00:00,aws:ionq:qpu:forte-1,OFFLINE,aws-braket,OFFLINE,agree
2026-09-18T16:23:23+00:00,aws:ionq:qpu:forte-enterprise-1,ONLINE,aws-braket,ONLINE,agree
2026-09-18T16:23:23+00:00,aws:iqm:qpu:emerald,ONLINE,aws-braket,ONLINE,agree
2026-09-18T16:23:23+00:00,aws:iqm:qpu:garnet,UNAVAILABLE,aws-braket,ONLINE,disagree
2026-09-18T16:23:23+00:00,aws:quera:qpu:aquila,ONLINE,aws-braket,ONLINE,agree
2026-09-18T16:23:23+00:00,aws:rigetti:qpu:cepheus-1-108q,ONLINE,aws-braket,ONLINE,agree
2026-09-18T16:23:23+00:00,ibm:ibm:qpu:fez,ONLINE,ibm,ONLINE,agree
2026-09-18T16:23:23+00:00,ibm:ibm:qpu:kingston,ONLINE,ibm,ONLINE,agree
2026-09-18T16:23:23+00:00,ibm:ibm:qpu:marrakesh,ONLINE,ibm,ONLINE,agree
2026-09-18T20:53:48+00:00,aws:aqt:qpu:ibex-q1,UNAVAILABLE,aws-braket,ONLINE,disagree
2026-09-18T20:53:48+00:00,aws:ionq:qpu:forte-1,OFFLINE,aws-braket,OFFLINE,agree
2026-09-18T20:53:48+00:00,aws:ionq:qpu:forte-enterprise-1,ONLINE,aws-braket,ONLINE,agree
2026-09-18T20:53:48+00:00,aws:iqm:qpu:emerald,ONLINE,aws-braket,ONLINE,agree
2026-09-18T20:53:48+00:00,aws:iqm:qpu:garnet,ONLINE,aws-braket,ONLINE,agree
2026-09-18T20:53:48+00:00,aws:quera:qpu:aquila,ONLINE,aws-braket,ONLINE,agree
2026-09-18T20:53:48+00:00,aws:rigetti:qpu:cepheus-1-108q,UNAVAILABLE,aws-braket,ONLINE,disagree
2026-09-18T20:53:48+00:00,ibm:ibm:qpu:fez,ONLINE,ibm,ONLINE,agree
2026-09-18T20:53:48+00:00,ibm:ibm:qpu:kingston,ONLINE,ibm,ONLINE,agree
2026-09-18T20:53:48+00:00,ibm:ibm:qpu:marrakesh,ONLINE,ibm,ONLINE,agree
2026-09-19T04:36:13+00:00,aws:aqt:qpu:ibex-q1,UNAVAILABLE,aws-braket,ONLINE,disagree
2026-09-19T04:36:13+00:00,aws:ionq:qpu:forte-1,OFFLINE,aws-braket,OFFLINE,agree
2026-09-19T04:36:13+00:00,aws:ionq:qpu:forte-enterprise-1,ONLINE,aws-braket,ONLINE,agree
2026-09-19T04:36:13+00:00,aws:iqm:qpu:emerald,UNAVAILABLE,aws-braket,ONLINE,disagree
2026-09-19T04:36:13+00:00,aws:iqm:qpu:garnet,UNAVAILABLE,aws-braket,ONLINE,disagree
2026-09-19T04:36:13+00:00,aws:quera:qpu:aquila,ONLINE,aws-braket,ONLINE,agree
2026-09-19T04:36:13+00:00,aws:rigetti:qpu:cepheus-1-108q,ONLINE,aws-braket,ONLINE,agree
2026-09-19T04:36:13+00:00,ibm:ibm:qpu:fez,ONLINE,ibm,ONLINE,agree
2026-09-19T04:36:13+00:00,ibm:ibm:qpu:kingston,ONLINE,ibm,ONLINE,agree
2026-09-19T04:36:13+00:00,ibm:ibm:qpu:marrakesh,ONLINE,ibm,ONLINE,agree
2026-09-19T10:56:52+00:00,aws:aqt:qpu:ibex-q1,UNAVAILABLE,aws-braket,ONLINE,disagree
2026-09-19T10:56:52+00:00,aws:ionq:qpu:forte-1,OFFLINE,aws-braket,OFFLINE,agree
2026-09-19T10:56:52+00:00,aws:ionq:qpu:forte-enterprise-1,ONLINE,aws-braket,ONLINE,agree
2026-09-19T10:56:52+00:00,aws:iqm:qpu:emerald,UNAVAILABLE,aws-braket,ONLINE,disagree
2026-09-19T10:56:52+00:00,aws:iqm:qpu:garnet,UNAVAILABLE,aws-braket,ONLINE,disagree
2026-09-19T10:56:52+00:00,aws:quera:qpu:aquila,ONLINE,aws-braket,ONLINE,agree
2026-09-19T10:56:52+00:00,aws:rigetti:qpu:cepheus-1-108q,ONLINE,aws-braket,ONLINE,agree
2026-09-19T10:56:52+00:00,ibm:ibm:qpu:fez,ONLINE,ibm,ONLINE,agree
2026-09-19T10:56:52+00:00,ibm:ibm:qpu:kingston,ONLINE,ibm,ONLINE,agree
2026-09-19T10:56:52+00:00,ibm:ibm:qpu:marrakesh,UNAVAILABLE,ibm,ONLINE,disagree
2026-09-19T15:52:45+00:00,aws:aqt:qpu:ibex-q1,UNAVAILABLE,aws-braket,ONLINE,disagree
2026-09-19T15:52:45+00:00,aws:ionq:qpu:forte-1,OFFLINE,aws-braket,OFFLINE,agree
2026-09-19T15:52:45+00:00,aws:ionq:qpu:forte-enterprise-1,ONLINE,aws-braket,ONLINE,agree
2026-09-19T15:52:45+00:00,aws:iqm:qpu:emerald,UNAVAILABLE,aws-braket,ONLINE,disagree
2026-09-19T15:52:45+00:00,aws:iqm:qpu:garnet,UNAVAILABLE,aws-braket,ONLINE,disagree
2026-09-19T15:52:45+00:00,aws:quera:qpu:aquila,ONLINE,aws-braket,ONLINE,agree
2026-09-19T15:52:45+00:00,aws:rigetti:qpu:cepheus-1-108q,ONLINE,aws-braket,ONLINE,agree
2026-09-19T15:52:45+00:00,ibm:ibm:qpu:fez,ONLINE,ibm,ONLINE,agree
2026-09-19T15:52:45+00:00,ibm:ibm:qpu:kingston,ONLINE,ibm,ONLINE,agree
2026-09-19T15:52:45+00:00,ibm:ibm:qpu:marrakesh,ONLINE,ibm,ONLINE,agree
2026-09-19T20:38:39+00:00,aws:aqt:qpu:ibex-q1,UNAVAILABLE,aws-braket,ONLINE,disagree
2026-09-19T20:38:39+00:00,aws:ionq:qpu:forte-1,OFFLINE,aws-braket,OFFLINE,agree
2026-09-19T20:38:39+00:00,aws:ionq:qpu:forte-enterprise-1,ONLINE,aws-braket,ONLINE,agree
2026-09-19T20:38:39+00:00,aws:iqm:qpu:emerald,UNAVAILABLE,aws-braket,ONLINE,disagree
2026-09-19T20:38:39+00:00,aws:iqm:qpu:garnet,UNAVAILABLE,aws-braket,ONLINE,disagree
2026-09-19T20:38:39+00:00,aws:quera:qpu:aquila,ONLINE,aws-braket,ONLINE,agree
2026-09-19T20:38:39+00:00,aws:rigetti:qpu:cepheus-1-108q,UNAVAILABLE,aws-braket,ONLINE,disagree
2026-09-19T20:38:39+00:00,ibm:ibm:qpu:fez,ONLINE,ibm,ONLINE,agree
2026-09-19T20:38:39+00:00,ibm:ibm:qpu:kingston,ONLINE,ibm,ONLINE,agree
2026-09-19T20:38:39+00:00,ibm:ibm:qpu:marrakesh,ONLINE,ibm,ONLINE,agree
2026-09-20T04:52:42+00:00,aws:aqt:qpu:ibex-q1,UNAVAILABLE,aws-braket,ONLINE,disagree
2026-09-20T04:52:42+00:00,aws:ionq:qpu:forte-1,OFFLINE,aws-braket,OFFLINE,agree
2026-09-20T04:52:42+00:00,aws:ionq:qpu:forte-enterprise-1,OFFLINE,aws-braket,OFFLINE,agree
2026-09-20T04:52:42+00:00,aws:iqm:qpu:emerald,UNAVAILABLE,aws-braket,ONLINE,disagree
2026-09-20T04:52:42+00:00,aws:iqm:qpu:garnet,UNAVAILABLE,aws-braket,ONLINE,disagree
2026-09-20T04:52:42+00:00,aws:quera:qpu:aquila,ONLINE,aws-braket,ONLINE,agree
2026-09-20T04:52:42+00:00,aws:rigetti:qpu:cepheus-1-108q,ONLINE,aws-braket,ONLINE,agree
2026-09-20T04:52:42+00:00,ibm:ibm:qpu:fez,ONLINE,ibm,ONLINE,agree
2026-09-20T04:52:42+00:00,ibm:ibm:qpu:kingston,ONLINE,ibm,ONLINE,agree
2026-09-20T04:52:42+00:00,ibm:ibm:qpu:marrakesh,ONLINE,ibm,ONLINE,agree
2026-09-20T11:21:39+00:00,aws:aqt:qpu:ibex-q1,UNAVAILABLE,aws-braket,ONLINE,disagree
2026-09-20T11:21:39+00:00,aws:ionq:qpu:forte-1,OFFLINE,aws-braket,OFFLINE,agree
2026-09-20T11:21:39+00:00,aws:ionq:qpu:forte-enterprise-1,OFFLINE,aws-braket,OFFLINE,agree
2026-09-20T11:21:39+00:00,aws:iqm:qpu:emerald,UNAVAILABLE,aws-braket,ONLINE,disagree
2026-09-20T11:21:39+00:00,aws:iqm:qpu:garnet,UNAVAILABLE,aws-braket,ONLINE,disagree
2026-09-20T11:21:39+00:00,aws:quera:qpu:aquila,ONLINE,aws-braket,ONLINE,agree
2026-09-20T11:21:39+00:00,aws:rigetti:qpu:cepheus-1-108q,ONLINE,aws-braket,ONLINE,agree
2026-09-20T11:21:39+00:00,ibm:ibm:qpu:fez,ONLINE,ibm,ONLINE,agree
2026-09-20T11:21:39+00:00,ibm:ibm:qpu:kingston,ONLINE,ibm,ONLINE,agree
2026-09-20T11:21:39+00:00,ibm:ibm:qpu:marrakesh,ONLINE,ibm,ONLINE,agree
2026-09-20T16:04:30+00:00,aws:aqt:qpu:ibex-q1,UNAVAILABLE,aws-braket,ONLINE,disagree
2026-09-20T16:04:30+00:00,aws:ionq:qpu:forte-1,OFFLINE,aws-braket,OFFLINE,agree
2026-09-20T16:04:30+00:00,aws:ionq:qpu:forte-enterprise-1,OFFLINE,aws-braket,OFFLINE,agree
2026-09-20T16:04:30+00:00,aws:iqm:qpu:emerald,UNAVAILABLE,aws-braket,ONLINE,disagree
2026-09-20T16:04:30+00:00,aws:iqm:qpu:garnet,UNAVAILABLE,aws-braket,ONLINE,disagree
2026-09-20T16:04:30+00:00,aws:quera:qpu:aquila,ONLINE,aws-braket,ONLINE,agree
2026-09-20T16:04:30+00:00,aws:rigetti:qpu:cepheus-1-108q,ONLINE,aws-braket,ONLINE,agree
2026-09-20T16:04:30+00:00,ibm:ibm:qpu:fez,ONLINE,ibm,ONLINE,agree
2026-09-20T16:04:30+00:00,ibm:ibm:qpu:kingston,ONLINE,ibm,ONLINE,agree
2026-09-20T16:04:30+00:00,ibm:ibm:qpu:marrakesh,ONLINE,ibm,ONLINE,agree
2026-09-20T20:48:00+00:00,aws:aqt:qpu:ibex-q1,UNAVAILABLE,aws-braket,ONLINE,disagree
2026-09-20T20:48:00+00:00,aws:ionq:qpu:forte-1,OFFLINE,aws-braket,OFFLINE,agree
2026-09-20T20:48:00+00:00,aws:ionq:qpu:forte-enterprise-1,OFFLINE,aws-braket,OFFLINE,agree
2026-09-20T20:48:00+00:00,aws:iqm:qpu:emerald,UNAVAILABLE,aws-braket,ONLINE,disagree
2026-09-20T20:48:00+00:00,aws:iqm:qpu:garnet,UNAVAILABLE,aws-braket,ONLINE,disagree
2026-09-20T20:48:00+00:00,aws:quera:qpu:aquila,ONLINE,aws-braket,ONLINE,agree
2026-09-20T20:48:00+00:00,aws:rigetti:qpu:cepheus-1-108q,UNAVAILABLE,aws-braket,ONLINE,disagree
2026-09-20T20:48:00+00:00,ibm:ibm:qpu:fez,ONLINE,ibm,ONLINE,agree
2026-09-20T20:48:00+00:00,ibm:ibm:qpu:kingston,ONLINE,ibm,ONLINE,agree
2026-09-20T20:48:00+00:00,ibm:ibm:qpu:marrakesh,ONLINE,ibm,ONLINE,agree
2026-09-21T04:53:50+00:00,aws:aqt:qpu:ibex-q1,UNAVAILABLE,aws-braket,ONLINE,disagree
2026-09-21T04:53:50+00:00,aws:ionq:qpu:forte-1,OFFLINE,aws-braket,OFFLINE,agree
2026-09-21T04:53:50+00:00,aws:ionq:qpu:forte-enterprise-1,OFFLINE,aws-braket,OFFLINE,agree
2026-09-21T04:53:50+00:00,aws:iqm:qpu:emerald,UNAVAILABLE,aws-braket,ONLINE,disagree
2026-09-21T04:53:50+00:00,aws:iqm:qpu:garnet,ONLINE,aws-braket,ONLINE,agree
2026-09-21T04:53:50+00:00,aws:quera:qpu:aquila,UNAVAILABLE,aws-braket,ONLINE,disagree
2026-09-21T04:53:50+00:00,aws:rigetti:qpu:cepheus-1-108q,ONLINE,aws-braket,ONLINE,agree
2026-09-21T04:53:50+00:00,ibm:ibm:qpu:fez,ONLINE,ibm,ONLINE,agree
2026-09-21T04:53:50+00:00,ibm:ibm:qpu:kingston,ONLINE,ibm,ONLINE,agree
2026-09-21T04:53:50+00:00,ibm:ibm:qpu:marrakesh,ONLINE,ibm,ONLINE,agree
2026-09-21T12:46:09+00:00,aws:aqt:qpu:ibex-q1,ONLINE,aws-braket,ONLINE,agree
2026-09-21T12:46:09+00:00,aws:ionq:qpu:forte-1,OFFLINE,aws-braket,OFFLINE,agree
2026-09-21T12:46:09+00:00,aws:ionq:qpu:forte-enterprise-1,OFFLINE,aws-braket,OFFLINE,agree
2026-09-21T12:46:09+00:00,aws:iqm:qpu:emerald,ONLINE,aws-braket,ONLINE,agree
2026-09-21T12:46:09+00:00,aws:iqm:qpu:garnet,ONLINE,aws-braket,ONLINE,agree
2026-09-21T12:46:09+00:00,aws:quera:qpu:aquila,UNAVAILABLE,aws-braket,ONLINE,disagree
2026-09-21T12:46:09+00:00,aws:rigetti:qpu:cepheus-1-108q,ONLINE,aws-braket,ONLINE,agree
2026-09-21T12:46:09+00:00,ibm:ibm:qpu:fez,ONLINE,ibm,ONLINE,agree
2026-09-21T12:46:09+00:00,ibm:ibm:qpu:kingston,ONLINE,ibm,ONLINE,agree
2026-09-21T12:46:09+00:00,ibm:ibm:qpu:marrakesh,ONLINE,ibm,ONLINE,agree
2026-09-21T21:58:02+00:00,aws:aqt:qpu:ibex-q1,UNAVAILABLE,aws-braket,ONLINE,disagree
2026-09-21T21:58:02+00:00,aws:ionq:qpu:forte-1,OFFLINE,aws-braket,OFFLINE,agree
2026-09-21T21:58:02+00:00,aws:ionq:qpu:forte-enterprise-1,ONLINE,aws-braket,ONLINE,agree
2026-09-21T21:58:02+00:00,aws:iqm:qpu:emerald,ONLINE,aws-braket,ONLINE,agree
2026-09-21T21:58:02+00:00,aws:iqm:qpu:garnet,ONLINE,aws-braket,ONLINE,agree
2026-09-21T21:58:02+00:00,aws:quera:qpu:aquila,UNAVAILABLE,aws-braket,ONLINE,disagree
2026-09-21T21:58:02+00:00,aws:rigetti:qpu:cepheus-1-108q,ONLINE,aws-braket,ONLINE,agree
2026-09-21T21:58:02+00:00,ibm:ibm:qpu:fez,ONLINE,ibm,ONLINE,agree
2026-09-21T21:58:02+00:00,ibm:ibm:qpu:kingston,ONLINE,ibm,ONLINE,agree
2026-09-21T21:58:02+00:00,ibm:ibm:qpu:marrakesh,ONLINE,ibm,ONLINE,agree
2026-09-22T04:53:48+00:00,aws:aqt:qpu:ibex-q1,UNAVAILABLE,aws-braket,ONLINE,disagree
2026-09-22T04:53:48+00:00,aws:ionq:qpu:forte-1,OFFLINE,aws-braket,OFFLINE,agree
2026-09-22T04:53:48+00:00,aws:ionq:qpu:forte-enterprise-1,ONLINE,aws-braket,ONLINE,agree
2026-09-22T04:53:48+00:00,aws:iqm:qpu:emerald,UNAVAILABLE,aws-braket,ONLINE,disagree
2026-09-22T04:53:48+00:00,aws:iqm:qpu:garnet,ONLINE,aws-braket,ONLINE,agree
2026-09-22T04:53:48+00:00,aws:quera:qpu:aquila,UNAVAILABLE,aws-braket,ONLINE,disagree
2026-09-22T04:53:48+00:00,aws:rigetti:qpu:cepheus-1-108q,ONLINE,aws-braket,ONLINE,agree
2026-09-22T04:53:48+00:00,ibm:ibm:qpu:fez,ONLINE,ibm,ONLINE,agree
2026-09-22T04:53:48+00:00,ibm:ibm:qpu:kingston,ONLINE,ibm,ONLINE,agree
2026-09-22T04:53:48+00:00,ibm:ibm:qpu:marrakesh,ONLINE,ibm,ONLINE,agree
2026-09-22T11:36:23+00:00,aws:aqt:qpu:ibex-q1,ONLINE,aws-braket,ONLINE,agree
2026-09-22T11:36:23+00:00,aws:ionq:qpu:forte-1,OFFLINE,aws-braket,OFFLINE,agree
2026-09-22T11:36:23+00:00,aws:ionq:qpu:forte-enterprise-1,ONLINE,aws-braket,ONLINE,agree
2026-09-22T11:36:23+00:00,aws:iqm:qpu:emerald,ONLINE,aws-braket,ONLINE,agree
2026-09-22T11:36:23+00:00,aws:iqm:qpu:garnet,ONLINE,aws-braket,ONLINE,agree
2026-09-22T11:36:23+00:00,aws:quera:qpu:aquila,UNAVAILABLE,aws-braket,ONLINE,disagree
2026-09-22T11:36:23+00:00,aws:rigetti:qpu:cepheus-1-108q,ONLINE,aws-braket,ONLINE,agree
2026-09-22T11:36:23+00:00,ibm:ibm:qpu:fez,ONLINE,ibm,ONLINE,agree
2026-09-22T11:36:23+00:00,ibm:ibm:qpu:kingston,ONLINE,ibm,ONLINE,agree
2026-09-22T11:36:23+00:00,ibm:ibm:qpu:marrakesh,ONLINE,ibm,ONLINE,agree
2026-09-22T16:56:47+00:00,aws:aqt:qpu:ibex-q1,UNAVAILABLE,aws-braket,ONLINE,disagree
2026-09-22T16:56:47+00:00,aws:ionq:qpu:forte-1,OFFLINE,aws-braket,OFFLINE,agree
2026-09-22T16:56:47+00:00,aws:ionq:qpu:forte-enterprise-1,ONLINE,aws-braket,ONLINE,agree
2026-09-22T16:56:47+00:00,aws:iqm:qpu:emerald,ONLINE,aws-braket,ONLINE,agree
2026-09-22T16:56:47+00:00,aws:iqm:qpu:garnet,UNAVAILABLE,aws-braket,ONLINE,disagree
2026-09-22T16:56:47+00:00,aws:quera:qpu:aquila,UNAVAILABLE,aws-braket,ONLINE,disagree
2026-09-22T16:56:47+00:00,aws:rigetti:qpu:cepheus-1-108q,ONLINE,aws-braket,ONLINE,agree
2026-09-22T16:56:47+00:00,ibm:ibm:qpu:fez,ONLINE,ibm,ONLINE,agree
2026-09-22T16:56:47+00:00,ibm:ibm:qpu:kingston,ONLINE,ibm,ONLINE,agree
2026-09-22T16:56:47+00:00,ibm:ibm:qpu:marrakesh,ONLINE,ibm,ONLINE,agree
2026-09-22T21:17:31+00:00,aws:aqt:qpu:ibex-q1,UNAVAILABLE,aws-braket,ONLINE,disagree
2026-09-22T21:17:31+00:00,aws:ionq:qpu:forte-1,OFFLINE,aws-braket,OFFLINE,agree
2026-09-22T21:17:31+00:00,aws:ionq:qpu:forte-enterprise-1,ONLINE,aws-braket,ONLINE,agree
2026-09-22T21:17:31+00:00,aws:iqm:qpu:emerald,ONLINE,aws-braket,ONLINE,agree
2026-09-22T21:17:31+00:00,aws:iqm:qpu:garnet,ONLINE,aws-braket,ONLINE,agree
2026-09-22T21:17:31+00:00,aws:quera:qpu:aquila,UNAVAILABLE,aws-braket,ONLINE,disagree
2026-09-22T21:17:31+00:00,aws:rigetti:qpu:cepheus-1-108q,ONLINE,aws-braket,ONLINE,agree
2026-09-22T21:17:31+00:00,ibm:ibm:qpu:fez,ONLINE,ibm,ONLINE,agree
2026-09-22T21:17:31+00:00,ibm:ibm:qpu:kingston,ONLINE,ibm,ONLINE,agree
2026-09-22T21:17:31+00:00,ibm:ibm:qpu:marrakesh,ONLINE,ibm,ONLINE,agree
2026-09-23T04:43:46+00:00,aws:aqt:qpu:ibex-q1,UNAVAILABLE,aws-braket,ONLINE,disagree
2026-09-23T04:43:46+00:00,aws:ionq:qpu:forte-1,OFFLINE,aws-braket,OFFLINE,agree
2026-09-23T04:43:46+00:00,aws:ionq:qpu:forte-enterprise-1,ONLINE,aws-braket,ONLINE,agree
2026-09-23T04:43:46+00:00,aws:iqm:qpu:emerald,UNAVAILABLE,aws-braket,ONLINE,disagree
2026-09-23T04:43:46+00:00,aws:iqm:qpu:garnet,ONLINE,aws-braket,ONLINE,agree
2026-09-23T04:43:46+00:00,aws:quera:qpu:aquila,UNAVAILABLE,aws-braket,ONLINE,disagree
2026-09-23T04:43:46+00:00,aws:rigetti:qpu:cepheus-1-108q,ONLINE,aws-braket,ONLINE,agree
2026-09-23T04:43:46+00:00,ibm:ibm:qpu:fez,ONLINE,ibm,ONLINE,agree
2026-09-23T04:43:46+00:00,ibm:ibm:qpu:kingston,ONLINE,ibm,ONLINE,agree
2026-09-23T04:43:46+00:00,ibm:ibm:qpu:marrakesh,ONLINE,ibm,ONLINE,agree
2026-09-23T11:33:57+00:00,aws:aqt:qpu:ibex-q1,ONLINE,aws-braket,ONLINE,agree
2026-09-23T11:33:57+00:00,aws:ionq:qpu:forte-1,OFFLINE,aws-braket,OFFLINE,agree
2026-09-23T11:33:57+00:00,aws:ionq:qpu:forte-enterprise-1,ONLINE,aws-braket,ONLINE,agree
2026-09-23T11:33:57+00:00,aws:iqm:qpu:emerald,ONLINE,aws-braket,ONLINE,agree
2026-09-23T11:33:57+00:00,aws:iqm:qpu:garnet,ONLINE,aws-braket,ONLINE,agree
2026-09-23T11:33:57+00:00,aws:quera:qpu:aquila,UNAVAILABLE,aws-braket,ONLINE,disagree
2026-09-23T11:33:57+00:00,aws:rigetti:qpu:cepheus-1-108q,ONLINE,aws-braket,ONLINE,agree
2026-09-23T11:33:57+00:00,ibm:ibm:qpu:fez,ONLINE,ibm,ONLINE,agree
2026-09-23T11:33:57+00:00,ibm:ibm:qpu:kingston,ONLINE,ibm,ONLINE,agree
2026-09-23T11:33:57+00:00,ibm:ibm:qpu:marrakesh,ONLINE,ibm,ONLINE,agree
2026-09-23T16:56:42+00:00,aws:aqt:qpu:ibex-q1,UNAVAILABLE,aws-braket,ONLINE,disagree
2026-09-23T16:56:42+00:00,aws:ionq:qpu:forte-1,OFFLINE,aws-braket,OFFLINE,agree
2026-09-23T16:56:42+00:00,aws:ionq:qpu:forte-enterprise-1,ONLINE,aws-braket,ONLINE,agree
2026-09-23T16:56:42+00:00,aws:iqm:qpu:emerald,ONLINE,aws-braket,ONLINE,agree
2026-09-23T16:56:42+00:00,aws:iqm:qpu:garnet,UNAVAILABLE,aws-braket,ONLINE,disagree
2026-09-23T16:56:42+00:00,aws:quera:qpu:aquila,UNAVAILABLE,aws-braket,ONLINE,disagree
2026-09-23T16:56:42+00:00,aws:rigetti:qpu:cepheus-1-108q,ONLINE,aws-braket,ONLINE,agree
2026-09-23T16:56:42+00:00,ibm:ibm:qpu:fez,ONLINE,ibm,ONLINE,agree
2026-09-23T16:56:42+00:00,ibm:ibm:qpu:kingston,ONLINE,ibm,ONLINE,agree
2026-09-23T16:56:42+00:00,ibm:ibm:qpu:marrakesh,ONLINE,ibm,ONLINE,agree
2026-09-23T21:29:41+00:00,aws:aqt:qpu:ibex-q1,UNAVAILABLE,aws-braket,ONLINE,disagree
2026-09-23T21:29:41+00:00,aws:ionq:qpu:forte-1,OFFLINE,aws-braket,OFFLINE,agree
2026-09-23T21:29:41+00:00,aws:ionq:qpu:forte-enterprise-1,ONLINE,aws-braket,ONLINE,agree
2026-09-23T21:29:41+00:00,aws:iqm:qpu:emerald,ONLINE,aws-braket,ONLINE,agree
2026-09-23T21:29:41+00:00,aws:iqm:qpu:garnet,ONLINE,aws-braket,ONLINE,agree
2026-09-23T21:29:41+00:00,aws:quera:qpu:aquila,UNAVAILABLE,aws-braket,ONLINE,disagree
2026-09-23T21:29:41+00:00,aws:rigetti:qpu:cepheus-1-108q,ONLINE,aws-braket,ONLINE,agree
2026-09-23T21:29:41+00:00,ibm:ibm:qpu:fez,ONLINE,ibm,ONLINE,agree
2026-09-23T21:29:41+00:00,ibm:ibm:qpu:kingston,ONLINE,ibm,ONLINE,agree
2026-09-23T21:29:41+00:00,ibm:ibm:qpu:marrakesh,ONLINE,ibm,ONLINE,agree
2026-09-24T04:48:16+00:00,aws:aqt:qpu:ibex-q1,UNAVAILABLE,aws-braket,ONLINE,disagree
2026-09-24T04:48:16+00:00,aws:ionq:qpu:forte-1,OFFLINE,aws-braket,OFFLINE,agree
2026-09-24T04:48:16+00:00,aws:ionq:qpu:forte-enterprise-1,ONLINE,aws-braket,ONLINE,agree
2026-09-24T04:48:16+00:00,aws:iqm:qpu:emerald,UNAVAILABLE,aws-braket,ONLINE,disagree
2026-09-24T04:48:16+00:00,aws:iqm:qpu:garnet,ONLINE,aws-braket,ONLINE,agree
2026-09-24T04:48:16+00:00,aws:quera:qpu:aquila,UNAVAILABLE,aws-braket,ONLINE,disagree
2026-09-24T04:48:16+00:00,aws:rigetti:qpu:cepheus-1-108q,ONLINE,aws-braket,ONLINE,agree
2026-09-24T04:48:16+00:00,ibm:ibm:qpu:fez,ONLINE,ibm,ONLINE,agree
2026-09-24T04:48:16+00:00,ibm:ibm:qpu:kingston,ONLINE,ibm,ONLINE,agree
2026-09-24T04:48:16+00:00,ibm:ibm:qpu:marrakesh,ONLINE,ibm,ONLINE,agree
2026-09-24T11:43:58+00:00,aws:aqt:qpu:ibex-q1,UNAVAILABLE,aws-braket,ONLINE,disagree
2026-09-24T11:43:58+00:00,aws:ionq:qpu:forte-1,OFFLINE,aws-braket,OFFLINE,agree
2026-09-24T11:43:58+00:00,aws:ionq:qpu:forte-enterprise-1,UNAVAILABLE,aws-braket,ONLINE,disagree
2026-09-24T11:43:58+00:00,aws:iqm:qpu:emerald,ONLINE,aws-braket,ONLINE,agree
2026-09-24T11:43:58+00:00,aws:iqm:qpu:garnet,ONLINE,aws-braket,ONLINE,agree
2026-09-24T11:43:58+00:00,aws:quera:qpu:aquila,UNAVAILABLE,aws-braket,ONLINE,disagree
2026-09-24T11:43:58+00:00,aws:rigetti:qpu:cepheus-1-108q,ONLINE,aws-braket,ONLINE,agree
2026-09-24T11:43:58+00:00,ibm:ibm:qpu:fez,ONLINE,ibm,ONLINE,agree
2026-09-24T11:43:58+00:00,ibm:ibm:qpu:kingston,ONLINE,ibm,ONLINE,agree
2026-09-24T11:43:58+00:00,ibm:ibm:qpu:marrakesh,ONLINE,ibm,ONLINE,agree
2026-09-24T17:09:31+00:00,aws:aqt:qpu:ibex-q1,UNAVAILABLE,aws-braket,ONLINE,disagree
2026-09-24T17:09:31+00:00,aws:ionq:qpu:forte-1,OFFLINE,aws-braket,OFFLINE,agree
2026-09-24T17:09:31+00:00,aws:ionq:qpu:forte-enterprise-1,ONLINE,aws-braket,ONLINE,agree
2026-09-24T17:09:31+00:00,aws:iqm:qpu:emerald,ONLINE,aws-braket,ONLINE,agree
2026-09-24T17:09:31+00:00,aws:iqm:qpu:garnet,UNAVAILABLE,aws-braket,ONLINE,disagree
2026-09-24T17:09:31+00:00,aws:quera:qpu:aquila,UNAVAILABLE,aws-braket,ONLINE,disagree
2026-09-24T17:09:31+00:00,aws:rigetti:qpu:cepheus-1-108q,ONLINE,aws-braket,ONLINE,agree
2026-09-24T17:09:31+00:00,ibm:ibm:qpu:fez,ONLINE,ibm,ONLINE,agree
2026-09-24T17:09:31+00:00,ibm:ibm:qpu:kingston,ONLINE,ibm,ONLINE,agree
2026-09-24T17:09:31+00:00,ibm:ibm:qpu:marrakesh,ONLINE,ibm,ONLINE,agree
2026-09-24T21:30:17+00:00,aws:aqt:qpu:ibex-q1,UNAVAILABLE,aws-braket,ONLINE,disagree
2026-09-24T21:30:17+00:00,aws:ionq:qpu:forte-1,OFFLINE,aws-braket,OFFLINE,agree
2026-09-24T21:30:17+00:00,aws:ionq:qpu:forte-enterprise-1,ONLINE,aws-braket,ONLINE,agree
2026-09-24T21:30:17+00:00,aws:iqm:qpu:emerald,ONLINE,aws-braket,ONLINE,agree
2026-09-24T21:30:17+00:00,aws:iqm:qpu:garnet,ONLINE,aws-braket,ONLINE,agree
2026-09-24T21:30:17+00:00,aws:quera:qpu:aquila,UNAVAILABLE,aws-braket,ONLINE,disagree
2026-09-24T21:30:17+00:00,aws:rigetti:qpu:cepheus-1-108q,ONLINE,aws-braket,ONLINE,agree
2026-09-24T21:30:17+00:00,ibm:ibm:qpu:fez,ONLINE,ibm,ONLINE,agree
2026-09-24T21:30:17+00:00,ibm:ibm:qpu:kingston,ONLINE,ibm,ONLINE,agree
2026-09-24T21:30:17+00:00,ibm:ibm:qpu:marrakesh,ONLINE,ibm,ONLINE,agree
2026-09-25T04:56:02+00:00,aws:aqt:qpu:ibex-q1,UNAVAILABLE,aws-braket,ONLINE,disagree
2026-09-25T04:56:02+00:00,aws:ionq:qpu:forte-1,OFFLINE,aws-braket,OFFLINE,agree
2026-09-25T04:56:02+00:00,aws:ionq:qpu:forte-enterprise-1,ONLINE,aws-braket,ONLINE,agree
2026-09-25T04:56:02+00:00,aws:iqm:qpu:emerald,UNAVAILABLE,aws-braket,ONLINE,disagree
2026-09-25T04:56:02+00:00,aws:iqm:qpu:garnet,ONLINE,aws-braket,ONLINE,agree
2026-09-25T04:56:02+00:00,aws:quera:qpu:aquila,ONLINE,aws-braket,ONLINE,agree
2026-09-25T04:56:02+00:00,aws:rigetti:qpu:cepheus-1-108q,ONLINE,aws-braket,ONLINE,agree
2026-09-25T04:56:02+00:00,ibm:ibm:qpu:fez,ONLINE,ibm,ONLINE,agree
2026-09-25T04:56:02+00:00,ibm:ibm:qpu:kingston,ONLINE,ibm,ONLINE,agree
2026-09-25T04:56:02+00:00,ibm:ibm:qpu:marrakesh,ONLINE,ibm,ONLINE,agree
2026-09-25T11:49:19+00:00,aws:aqt:qpu:ibex-q1,ONLINE,aws-braket,ONLINE,agree
2026-09-25T11:49:19+00:00,aws:ionq:qpu:forte-1,OFFLINE,aws-braket,OFFLINE,agree
2026-09-25T11:49:19+00:00,aws:ionq:qpu:forte-enterprise-1,ONLINE,aws-braket,ONLINE,agree
2026-09-25T11:49:19+00:00,aws:iqm:qpu:emerald,ONLINE,aws-braket,ONLINE,agree
2026-09-25T11:49:19+00:00,aws:iqm:qpu:garnet,ONLINE,aws-braket,ONLINE,agree
2026-09-25T11:49:19+00:00,aws:quera:qpu:aquila,ONLINE,aws-braket,ONLINE,agree
2026-09-25T11:49:19+00:00,aws:rigetti:qpu:cepheus-1-108q,ONLINE,aws-braket,ONLINE,agree
2026-09-25T11:49:19+00:00,ibm:ibm:qpu:fez,ONLINE,ibm,ONLINE,agree
2026-09-25T11:49:19+00:00,ibm:ibm:qpu:kingston,ONLINE,ibm,ONLINE,agree
2026-09-25T11:49:19+00:00,ibm:ibm:qpu:marrakesh,ONLINE,ibm,ONLINE,agree
2026-09-25T17:09:37+00:00,aws:aqt:qpu:ibex-q1,UNAVAILABLE,aws-braket,ONLINE,disagree
2026-09-25T17:09:37+00:00,aws:ionq:qpu:forte-1,OFFLINE,aws-braket,OFFLINE,agree
2026-09-25T17:09:37+00:00,aws:ionq:qpu:forte-enterprise-1,ONLINE,aws-braket,ONLINE,agree
2026-09-25T17:09:37+00:00,aws:iqm:qpu:emerald,ONLINE,aws-braket,ONLINE,agree
2026-09-25T17:09:37+00:00,aws:iqm:qpu:garnet,UNAVAILABLE,aws-braket,ONLINE,disagree
2026-09-25T17:09:37+00:00,aws:quera:qpu:aquila,ONLINE,aws-braket,ONLINE,agree
2026-09-25T17:09:37+00:00,aws:rigetti:qpu:cepheus-1-108q,ONLINE,aws-braket,ONLINE,agree
2026-09-25T17:09:37+00:00,ibm:ibm:qpu:fez,ONLINE,ibm,ONLINE,agree
2026-09-25T17:09:37+00:00,ibm:ibm:qpu:kingston,ONLINE,ibm,ONLINE,agree
2026-09-25T17:09:37+00:00,ibm:ibm:qpu:marrakesh,UNAVAILABLE,ibm,ONLINE,disagree
2026-09-25T21:34:06+00:00,aws:aqt:qpu:ibex-q1,UNAVAILABLE,aws-braket,ONLINE,disagree
2026-09-25T21:34:06+00:00,aws:ionq:qpu:forte-1,OFFLINE,aws-braket,OFFLINE,agree
2026-09-25T21:34:06+00:00,aws:ionq:qpu:forte-enterprise-1,ONLINE,aws-braket,ONLINE,agree
2026-09-25T21:34:06+00:00,aws:iqm:qpu:emerald,ONLINE,aws-braket,ONLINE,agree
2026-09-25T21:34:06+00:00,aws:iqm:qpu:garnet,ONLINE,aws-braket,ONLINE,agree
2026-09-25T21:34:06+00:00,aws:quera:qpu:aquila,ONLINE,aws-braket,ONLINE,agree
2026-09-25T21:34:06+00:00,aws:rigetti:qpu:cepheus-1-108q,ONLINE,aws-braket,ONLINE,agree
2026-09-25T21:34:06+00:00,ibm:ibm:qpu:fez,ONLINE,ibm,ONLINE,agree
2026-09-25T21:34:06+00:00,ibm:ibm:qpu:kingston,ONLINE,ibm,ONLINE,agree
2026-09-25T21:34:06+00:00,ibm:ibm:qpu:marrakesh,ONLINE,ibm,ONLINE,agree
2026-09-26T04:56:30+00:00,aws:aqt:qpu:ibex-q1,UNAVAILABLE,aws-braket,ONLINE,disagree
2026-09-26T04:56:30+00:00,aws:ionq:qpu:forte-1,OFFLINE,aws-braket,OFFLINE,agree
2026-09-26T04:56:30+00:00,aws:ionq:qpu:forte-enterprise-1,ONLINE,aws-braket,ONLINE,agree
2026-09-26T04:56:30+00:00,aws:iqm:qpu:emerald,UNAVAILABLE,aws-braket,ONLINE,disagree
2026-09-26T04:56:30+00:00,aws:iqm:qpu:garnet,UNAVAILABLE,aws-braket,ONLINE,disagree
2026-09-26T04:56:30+00:00,aws:quera:qpu:aquila,ONLINE,aws-braket,ONLINE,agree
2026-09-26T04:56:30+00:00,aws:rigetti:qpu:cepheus-1-108q,ONLINE,aws-braket,ONLINE,agree
2026-09-26T04:56:30+00:00,ibm:ibm:qpu:fez,ONLINE,ibm,ONLINE,agree
2026-09-26T04:56:30+00:00,ibm:ibm:qpu:kingston,ONLINE,ibm,ONLINE,agree
2026-09-26T04:56:30+00:00,ibm:ibm:qpu:marrakesh,ONLINE,ibm,ONLINE,agree
2026-09-26T11:23:19+00:00,aws:aqt:qpu:ibex-q1,UNAVAILABLE,aws-braket,ONLINE,disagree
2026-09-26T11:23:19+00:00,aws:ionq:qpu:forte-1,OFFLINE,aws-braket,OFFLINE,agree
2026-09-26T11:23:19+00:00,aws:ionq:qpu:forte-enterprise-1,ONLINE,aws-braket,ONLINE,agree
2026-09-26T11:23:19+00:00,aws:iqm:qpu:emerald,UNAVAILABLE,aws-braket,ONLINE,disagree
2026-09-26T11:23:19+00:00,aws:iqm:qpu:garnet,UNAVAILABLE,aws-braket,ONLINE,disagree
2026-09-26T11:23:19+00:00,aws:quera:qpu:aquila,ONLINE,aws-braket,ONLINE,agree
2026-09-26T11:23:19+00:00,aws:rigetti:qpu:cepheus-1-108q,ONLINE,aws-braket,ONLINE,agree
2026-09-26T11:23:19+00:00,ibm:ibm:qpu:fez,ONLINE,ibm,ONLINE,agree
2026-09-26T11:23:19+00:00,ibm:ibm:qpu:kingston,ONLINE,ibm,ONLINE,agree
2026-09-26T11:23:19+00:00,ibm:ibm:qpu:marrakesh,ONLINE,ibm,ONLINE,agree
2026-09-26T16:22:48+00:00,aws:aqt:qpu:ibex-q1,UNAVAILABLE,aws-braket,ONLINE,disagree
2026-09-26T16:22:48+00:00,aws:ionq:qpu:forte-1,OFFLINE,aws-braket,OFFLINE,agree
2026-09-26T16:22:48+00:00,aws:ionq:qpu:forte-enterprise-1,ONLINE,aws-braket,ONLINE,agree
2026-09-26T16:22:48+00:00,aws:iqm:qpu:emerald,UNAVAILABLE,aws-braket,ONLINE,disagree
2026-09-26T16:22:48+00:00,aws:iqm:qpu:garnet,UNAVAILABLE,aws-braket,ONLINE,disagree
2026-09-26T16:22:48+00:00,aws:quera:qpu:aquila,ONLINE,aws-braket,ONLINE,agree
2026-09-26T16:22:48+00:00,aws:rigetti:qpu:cepheus-1-108q,ONLINE,aws-braket,ONLINE,agree
2026-09-26T16:22:48+00:00,ibm:ibm:qpu:fez,ONLINE,ibm,ONLINE,agree
2026-09-26T16:22:48+00:00,ibm:ibm:qpu:kingston,ONLINE,ibm,ONLINE,agree
2026-09-26T16:22:48+00:00,ibm:ibm:qpu:marrakesh,ONLINE,ibm,ONLINE,agree
2026-09-26T21:08:58+00:00,aws:aqt:qpu:ibex-q1,UNAVAILABLE,aws-braket,ONLINE,disagree
2026-09-26T21:08:58+00:00,aws:ionq:qpu:forte-1,OFFLINE,aws-braket,OFFLINE,agree
2026-09-26T21:08:58+00:00,aws:ionq:qpu:forte-enterprise-1,ONLINE,aws-braket,ONLINE,agree
2026-09-26T21:08:58+00:00,aws:iqm:qpu:emerald,UNAVAILABLE,aws-braket,ONLINE,disagree
2026-09-26T21:08:58+00:00,aws:iqm:qpu:garnet,UNAVAILABLE,aws-braket,ONLINE,disagree
2026-09-26T21:08:58+00:00,aws:quera:qpu:aquila,ONLINE,aws-braket,ONLINE,agree
2026-09-26T21:08:58+00:00,aws:rigetti:qpu:cepheus-1-108q,ONLINE,aws-braket,ONLINE,agree
2026-09-26T21:08:58+00:00,ibm:ibm:qpu:fez,ONLINE,ibm,ONLINE,agree
2026-09-26T21:08:58+00:00,ibm:ibm:qpu:kingston,ONLINE,ibm,ONLINE,agree
2026-09-26T21:08:58+00:00,ibm:ibm:qpu:marrakesh,ONLINE,ibm,ONLINE,agree
2026-09-27T05:17:13+00:00,aws:aqt:qpu:ibex-q1,UNAVAILABLE,aws-braket,ONLINE,disagree
2026-09-27T05:17:13+00:00,aws:ionq:qpu:forte-1,OFFLINE,aws-braket,OFFLINE,agree
2026-09-27T05:17:13+00:00,aws:ionq:qpu:forte-enterprise-1,ONLINE,aws-braket,ONLINE,agree
2026-09-27T05:17:13+00:00,aws:iqm:qpu:emerald,UNAVAILABLE,aws-braket,ONLINE,disagree
2026-09-27T05:17:13+00:00,aws:iqm:qpu:garnet,UNAVAILABLE,aws-braket,ONLINE,disagree
2026-09-27T05:17:13+00:00,aws:quera:qpu:aquila,ONLINE,aws-braket,ONLINE,agree
2026-09-27T05:17:13+00:00,aws:rigetti:qpu:cepheus-1-108q,ONLINE,aws-braket,ONLINE,agree
2026-09-27T05:17:13+00:00,ibm:ibm:qpu:fez,ONLINE,ibm,ONLINE,agree
2026-09-27T05:17:13+00:00,ibm:ibm:qpu:kingston,ONLINE,ibm,ONLINE,agree
2026-09-27T05:17:13+00:00,ibm:ibm:qpu:marrakesh,ONLINE,ibm,ONLINE,agree
2026-09-27T12:00:32+00:00,aws:aqt:qpu:ibex-q1,UNAVAILABLE,aws-braket,ONLINE,disagree
2026-09-27T12:00:32+00:00,aws:ionq:qpu:forte-1,OFFLINE,aws-braket,OFFLINE,agree
2026-09-27T12:00:32+00:00,aws:ionq:qpu:forte-enterprise-1,ONLINE,aws-braket,ONLINE,agree
2026-09-27T12:00:32+00:00,aws:iqm:qpu:emerald,UNAVAILABLE,aws-braket,ONLINE,disagree
2026-09-27T12:00:32+00:00,aws:iqm:qpu:garnet,UNAVAILABLE,aws-braket,ONLINE,disagree
2026-09-27T12:00:32+00:00,aws:quera:qpu:aquila,UNAVAILABLE,aws-braket,ONLINE,disagree
2026-09-27T12:00:32+00:00,aws:rigetti:qpu:cepheus-1-108q,ONLINE,aws-braket,ONLINE,agree
2026-09-27T12:00:32+00:00,ibm:ibm:qpu:fez,ONLINE,ibm,ONLINE,agree
2026-09-27T12:00:32+00:00,ibm:ibm:qpu:kingston,ONLINE,ibm,ONLINE,agree
2026-09-27T12:00:32+00:00,ibm:ibm:qpu:marrakesh,ONLINE,ibm,ONLINE,agree
2026-09-27T16:57:26+00:00,aws:aqt:qpu:ibex-q1,UNAVAILABLE,aws-braket,ONLINE,disagree
2026-09-27T16:57:26+00:00,aws:ionq:qpu:forte-1,OFFLINE,aws-braket,OFFLINE,agree
2026-09-27T16:57:26+00:00,aws:ionq:qpu:forte-enterprise-1,ONLINE,aws-braket,ONLINE,agree
2026-09-27T16:57:26+00:00,aws:iqm:qpu:emerald,UNAVAILABLE,aws-braket,ONLINE,disagree
2026-09-27T16:57:26+00:00,aws:iqm:qpu:garnet,UNAVAILABLE,aws-braket,ONLINE,disagree
2026-09-27T16:57:26+00:00,aws:quera:qpu:aquila,ONLINE,aws-braket,ONLINE,agree
2026-09-27T16:57:26+00:00,aws:rigetti:qpu:cepheus-1-108q,ONLINE,aws-braket,ONLINE,agree
2026-09-27T16:57:26+00:00,ibm:ibm:qpu:fez,ONLINE,ibm,ONLINE,agree
2026-09-27T16:57:26+00:00,ibm:ibm:qpu:kingston,ONLINE,ibm,ONLINE,agree
2026-09-27T16:57:26+00:00,ibm:ibm:qpu:marrakesh,ONLINE,ibm,ONLINE,agree
2026-09-27T21:20:04+00:00,aws:aqt:qpu:ibex-q1,UNAVAILABLE,aws-braket,ONLINE,disagree
2026-09-27T21:20:04+00:00,aws:ionq:qpu:forte-1,OFFLINE,aws-braket,OFFLINE,agree
2026-09-27T21:20:04+00:00,aws:ionq:qpu:forte-enterprise-1,ONLINE,aws-braket,ONLINE,agree
2026-09-27T21:20:04+00:00,aws:iqm:qpu:emerald,UNAVAILABLE,aws-braket,ONLINE,disagree
2026-09-27T21:20:04+00:00,aws:iqm:qpu:garnet,UNAVAILABLE,aws-braket,ONLINE,disagree
2026-09-27T21:20:04+00:00,aws:quera:qpu:aquila,ONLINE,aws-braket,ONLINE,agree
2026-09-27T21:20:04+00:00,aws:rigetti:qpu:cepheus-1-108q,ONLINE,aws-braket,ONLINE,agree
2026-09-27T21:20:04+00:00,ibm:ibm:qpu:fez,ONLINE,ibm,ONLINE,agree
2026-09-27T21:20:04+00:00,ibm:ibm:qpu:kingston,ONLINE,ibm,ONLINE,agree
2026-09-27T21:20:04+00:00,ibm:ibm:qpu:marrakesh,ONLINE,ibm,ONLINE,agree
2026-09-28T05:21:54+00:00,aws:aqt:qpu:ibex-q1,UNAVAILABLE,aws-braket,ONLINE,disagree
2026-09-28T05:21:54+00:00,aws:ionq:qpu:forte-1,OFFLINE,aws-braket,OFFLINE,agree
2026-09-28T05:21:54+00:00,aws:ionq:qpu:forte-enterprise-1,ONLINE,aws-braket,ONLINE,agree
2026-09-28T05:21:54+00:00,aws:iqm:qpu:emerald,UNAVAILABLE,aws-braket,ONLINE,disagree
2026-09-28T05:21:54+00:00,aws:iqm:qpu:garnet,ONLINE,aws-braket,ONLINE,agree
2026-09-28T05:21:54+00:00,aws:quera:qpu:aquila,UNAVAILABLE,aws-braket,ONLINE,disagree
2026-09-28T05:21:54+00:00,aws:rigetti:qpu:cepheus-1-108q,ONLINE,aws-braket,ONLINE,agree
2026-09-28T05:21:54+00:00,ibm:ibm:qpu:fez,ONLINE,ibm,ONLINE,agree
2026-09-28T05:21:54+00:00,ibm:ibm:qpu:kingston,ONLINE,ibm,ONLINE,agree
2026-09-28T05:21:54+00:00,ibm:ibm:qpu:marrakesh,ONLINE,ibm,ONLINE,agree
2026-09-28T13:51:49+00:00,aws:aqt:qpu:ibex-q1,ONLINE,aws-braket,ONLINE,agree
2026-09-28T13:51:49+00:00,aws:ionq:qpu:forte-1,OFFLINE,aws-braket,OFFLINE,agree
2026-09-28T13:51:49+00:00,aws:ionq:qpu:forte-enterprise-1,ONLINE,aws-braket,ONLINE,agree
2026-09-28T13:51:49+00:00,aws:iqm:qpu:emerald,ONLINE,aws-braket,ONLINE,agree
2026-09-28T13:51:49+00:00,aws:iqm:qpu:garnet,ONLINE,aws-braket,ONLINE,agree
2026-09-28T13:51:49+00:00,aws:quera:qpu:aquila,UNAVAILABLE,aws-braket,ONLINE,disagree
2026-09-28T13:51:49+00:00,aws:rigetti:qpu:cepheus-1-108q,ONLINE,aws-braket,ONLINE,agree
2026-09-28T13:51:49+00:00,ibm:ibm:qpu:fez,ONLINE,ibm,ONLINE,agree
2026-09-28T13:51:49+00:00,ibm:ibm:qpu:kingston,ONLINE,ibm,ONLINE,agree
2026-09-28T13:51:49+00:00,ibm:ibm:qpu:marrakesh,ONLINE,ibm,ONLINE,agree
2026-09-28T23:15:38+00:00,aws:aqt:qpu:ibex-q1,UNAVAILABLE,aws-braket,ONLINE,disagree
2026-09-28T23:15:38+00:00,aws:ionq:qpu:forte-1,OFFLINE,aws-braket,OFFLINE,agree
2026-09-28T23:15:38+00:00,aws:ionq:qpu:forte-enterprise-1,ONLINE,aws-braket,ONLINE,agree
2026-09-28T23:15:38+00:00,aws:iqm:qpu:emerald,ONLINE,aws-braket,ONLINE,agree
2026-09-28T23:15:38+00:00,aws:iqm:qpu:garnet,ONLINE,aws-braket,ONLINE,agree
2026-09-28T23:15:38+00:00,aws:quera:qpu:aquila,UNAVAILABLE,aws-braket,ONLINE,disagree
2026-09-28T23:15:38+00:00,aws:rigetti:qpu:cepheus-1-108q,ONLINE,aws-braket,ONLINE,agree
2026-09-28T23:15:38+00:00,ibm:ibm:qpu:fez,ONLINE,ibm,ONLINE,agree
2026-09-28T23:15:38+00:00,ibm:ibm:qpu:kingston,ONLINE,ibm,ONLINE,agree
2026-09-28T23:15:38+00:00,ibm:ibm:qpu:marrakesh,ONLINE,ibm,ONLINE,agree
2026-09-29T05:42:26+00:00,aws:aqt:qpu:ibex-q1,UNAVAILABLE,aws-braket,ONLINE,disagree
2026-09-29T05:42:26+00:00,aws:ionq:qpu:forte-1,OFFLINE,aws-braket,OFFLINE,agree
2026-09-29T05:42:26+00:00,aws:ionq:qpu:forte-enterprise-1,ONLINE,aws-braket,ONLINE,agree
2026-09-29T05:42:26+00:00,aws:iqm:qpu:emerald,UNAVAILABLE,aws-braket,ONLINE,disagree
2026-09-29T05:42:26+00:00,aws:iqm:qpu:garnet,ONLINE,aws-braket,ONLINE,agree
2026-09-29T05:42:26+00:00,aws:quera:qpu:aquila,UNAVAILABLE,aws-braket,ONLINE,disagree
2026-09-29T05:42:26+00:00,aws:rigetti:qpu:cepheus-1-108q,ONLINE,aws-braket,ONLINE,agree
2026-09-29T05:42:26+00:00,ibm:ibm:qpu:fez,ONLINE,ibm,ONLINE,agree
2026-09-29T05:42:26+00:00,ibm:ibm:qpu:kingston,ONLINE,ibm,ONLINE,agree
2026-09-29T05:42:26+00:00,ibm:ibm:qpu:marrakesh,ONLINE,ibm,ONLINE,agree
2026-09-29T12:50:46+00:00,aws:aqt:qpu:ibex-q1,ONLINE,aws-braket,ONLINE,agree
2026-09-29T12:50:46+00:00,aws:ionq:qpu:forte-1,OFFLINE,aws-braket,OFFLINE,agree
2026-09-29T12:50:46+00:00,aws:ionq:qpu:forte-enterprise-1,ONLINE,aws-braket,ONLINE,agree
2026-09-29T12:50:46+00:00,aws:iqm:qpu:emerald,ONLINE,aws-braket,ONLINE,agree
2026-09-29T12:50:46+00:00,aws:iqm:qpu:garnet,ONLINE,aws-braket,ONLINE,agree
2026-09-29T12:50:46+00:00,aws:quera:qpu:aquila,UNAVAILABLE,aws-braket,ONLINE,disagree
2026-09-29T12:50:46+00:00,aws:rigetti:qpu:cepheus-1-108q,ONLINE,aws-braket,ONLINE,agree
2026-09-29T12:50:46+00:00,ibm:ibm:qpu:fez,ONLINE,ibm,ONLINE,agree
2026-09-29T12:50:46+00:00,ibm:ibm:qpu:kingston,ONLINE,ibm,ONLINE,agree
2026-09-29T12:50:46+00:00,ibm:ibm:qpu:marrakesh,ONLINE,ibm,ONLINE,agree
2026-09-29T22:14:07+00:00,aws:aqt:qpu:ibex-q1,UNAVAILABLE,aws-braket,ONLINE,disagree
2026-09-29T22:14:07+00:00,aws:ionq:qpu:forte-1,OFFLINE,aws-braket,OFFLINE,agree
2026-09-29T22:14:07+00:00,aws:ionq:qpu:forte-enterprise-1,ONLINE,aws-braket,ONLINE,agree
2026-09-29T22:14:07+00:00,aws:iqm:qpu:emerald,ONLINE,aws-braket,ONLINE,agree
2026-09-29T22:14:07+00:00,aws:iqm:qpu:garnet,ONLINE,aws-braket,ONLINE,agree
2026-09-29T22:14:07+00:00,aws:quera:qpu:aquila,UNAVAILABLE,aws-braket,ONLINE,disagree
2026-09-29T22:14:07+00:00,aws:rigetti:qpu:cepheus-1-108q,ONLINE,aws-braket,ONLINE,agree
2026-09-29T22:14:07+00:00,ibm:ibm:qpu:fez,ONLINE,ibm,ONLINE,agree
2026-09-29T22:14:07+00:00,ibm:ibm:qpu:kingston,ONLINE,ibm,ONLINE,agree
2026-09-29T22:14:07+00:00,ibm:ibm:qpu:marrakesh,ONLINE,ibm,ONLINE,agree
2026-09-30T05:30:54+00:00,aws:aqt:qpu:ibex-q1,UNAVAILABLE,aws-braket,ONLINE,disagree
2026-09-30T05:30:54+00:00,aws:ionq:qpu:forte-1,OFFLINE,aws-braket,OFFLINE,agree
2026-09-30T05:30:54+00:00,aws:ionq:qpu:forte-enterprise-1,OFFLINE,aws-braket,OFFLINE,agree
2026-09-30T05:30:54+00:00,aws:iqm:qpu:emerald,UNAVAILABLE,aws-braket,ONLINE,disagree
2026-09-30T05:30:54+00:00,aws:iqm:qpu:garnet,ONLINE,aws-braket,ONLINE,agree
2026-09-30T05:30:54+00:00,aws:quera:qpu:aquila,UNAVAILABLE,aws-braket,ONLINE,disagree
2026-09-30T05:30:54+00:00,aws:rigetti:qpu:cepheus-1-108q,ONLINE,aws-braket,ONLINE,agree
2026-09-30T05:30:54+00:00,ibm:ibm:qpu:fez,ONLINE,ibm,ONLINE,agree
2026-09-30T05:30:54+00:00,ibm:ibm:qpu:kingston,ONLINE,ibm,ONLINE,agree
2026-09-30T05:30:54+00:00,ibm:ibm:qpu:marrakesh,ONLINE,ibm,ONLINE,agree
2026-09-30T12:32:33+00:00,aws:aqt:qpu:ibex-q1,ONLINE,aws-braket,ONLINE,agree
2026-09-30T12:32:33+00:00,aws:ionq:qpu:forte-1,OFFLINE,aws-braket,OFFLINE,agree
2026-09-30T12:32:33+00:00,aws:ionq:qpu:forte-enterprise-1,ONLINE,aws-braket,ONLINE,agree
2026-09-30T12:32:33+00:00,aws:iqm:qpu:emerald,ONLINE,aws-braket,ONLINE,agree
2026-09-30T12:32:33+00:00,aws:iqm:qpu:garnet,ONLINE,aws-braket,ONLINE,agree
2026-09-30T12:32:33+00:00,aws:quera:qpu:aquila,UNAVAILABLE,aws-braket,ONLINE,disagree
2026-09-30T12:32:33+00:00,aws:rigetti:qpu:cepheus-1-108q,ONLINE,aws-braket,ONLINE,agree
2026-09-30T12:32:33+00:00,ibm:ibm:qpu:fez,ONLINE,ibm,ONLINE,agree
2026-09-30T12:32:33+00:00,ibm:ibm:qpu:kingston,ONLINE,ibm,ONLINE,agree
2026-09-30T12:32:33+00:00,ibm:ibm:qpu:marrakesh,ONLINE,ibm,ONLINE,agree
2026-09-30T22:14:29+00:00,aws:aqt:qpu:ibex-q1,UNAVAILABLE,aws-braket,ONLINE,disagree
2026-09-30T22:14:29+00:00,aws:ionq:qpu:forte-1,ONLINE,aws-braket,ONLINE,agree
2026-09-30T22:14:29+00:00,aws:ionq:qpu:forte-enterprise-1,ONLINE,aws-braket,ONLINE,agree
2026-09-30T22:14:29+00:00,aws:iqm:qpu:emerald,ONLINE,aws-braket,ONLINE,agree
2026-09-30T22:14:29+00:00,aws:iqm:qpu:garnet,ONLINE,aws-braket,ONLINE,agree
2026-09-30T22:14:29+00:00,aws:quera:qpu:aquila,UNAVAILABLE,aws-braket,ONLINE,disagree
2026-09-30T22:14:29+00:00,aws:rigetti:qpu:cepheus-1-108q,ONLINE,aws-braket,ONLINE,agree
2026-09-30T22:14:29+00:00,ibm:ibm:qpu:fez,ONLINE,ibm,ONLINE,agree
2026-09-30T22:14:29+00:00,ibm:ibm:qpu:kingston,ONLINE,ibm,ONLINE,agree
2026-09-30T22:14:29+00:00,ibm:ibm:qpu:marrakesh,ONLINE,ibm,ONLINE,agree
2026-10-01T05:50:25+00:00,aws:aqt:qpu:ibex-q1,UNAVAILABLE,aws-braket,ONLINE,disagree
2026-10-01T05:50:25+00:00,aws:ionq:qpu:forte-1,ONLINE,aws-braket,ONLINE,agree
2026-10-01T05:50:25+00:00,aws:ionq:qpu:forte-enterprise-1,ONLINE,aws-braket,ONLINE,agree
2026-10-01T05:50:25+00:00,aws:iqm:qpu:emerald,UNAVAILABLE,aws-braket,ONLINE,disagree
2026-10-01T05:50:25+00:00,aws:iqm:qpu:garnet,ONLINE,aws-braket,ONLINE,agree
2026-10-01T05:50:25+00:00,aws:quera:qpu:aquila,UNAVAILABLE,aws-braket,ONLINE,disagree
2026-10-01T05:50:25+00:00,aws:rigetti:qpu:cepheus-1-108q,ONLINE,aws-braket,ONLINE,agree
2026-10-01T05:50:25+00:00,ibm:ibm:qpu:fez,ONLINE,ibm,ONLINE,agree
2026-10-01T05:50:25+00:00,ibm:ibm:qpu:kingston,ONLINE,ibm,ONLINE,agree
2026-10-01T05:50:25+00:00,ibm:ibm:qpu:marrakesh,ONLINE,ibm,ONLINE,agree
2026-10-01T13:11:09+00:00,aws:aqt:qpu:ibex-q1,UNAVAILABLE,aws-braket,ONLINE,disagree
2026-10-01T13:11:09+00:00,aws:ionq:qpu:forte-1,ONLINE,aws-braket,ONLINE,agree
2026-10-01T13:11:09+00:00,aws:ionq:qpu:forte-enterprise-1,UNAVAILABLE,aws-braket,ONLINE,disagree
2026-10-01T13:11:09+00:00,aws:iqm:qpu:emerald,ONLINE,aws-braket,ONLINE,agree
2026-10-01T13:11:09+00:00,aws:iqm:qpu:garnet,ONLINE,aws-braket,ONLINE,agree
2026-10-01T13:11:09+00:00,aws:quera:qpu:aquila,UNAVAILABLE,aws-braket,ONLINE,disagree
2026-10-01T13:11:09+00:00,aws:rigetti:qpu:cepheus-1-108q,ONLINE,aws-braket,ONLINE,agree
2026-10-01T13:11:09+00:00,ibm:ibm:qpu:fez,ONLINE,ibm,ONLINE,agree
2026-10-01T13:11:09+00:00,ibm:ibm:qpu:kingston,ONLINE,ibm,ONLINE,agree
2026-10-01T13:11:09+00:00,ibm:ibm:qpu:marrakesh,ONLINE,ibm,ONLINE,agree
2026-10-01T22:40:25+00:00,aws:aqt:qpu:ibex-q1,UNAVAILABLE,aws-braket,ONLINE,disagree
2026-10-01T22:40:25+00:00,aws:ionq:qpu:forte-1,ONLINE,aws-braket,ONLINE,agree
2026-10-01T22:40:25+00:00,aws:ionq:qpu:forte-enterprise-1,ONLINE,aws-braket,ONLINE,agree
2026-10-01T22:40:25+00:00,aws:iqm:qpu:emerald,ONLINE,aws-braket,ONLINE,agree
2026-10-01T22:40:25+00:00,aws:iqm:qpu:garnet,ONLINE,aws-braket,ONLINE,agree
2026-10-01T22:40:25+00:00,aws:quera:qpu:aquila,UNAVAILABLE,aws-braket,ONLINE,disagree
2026-10-01T22:40:25+00:00,aws:rigetti:qpu:cepheus-1-108q,ONLINE,aws-braket,ONLINE,agree
2026-10-01T22:40:25+00:00,ibm:ibm:qpu:fez,ONLINE,ibm,ONLINE,agree
2026-10-01T22:40:25+00:00,ibm:ibm:qpu:kingston,ONLINE,ibm,ONLINE,agree
2026-10-01T22:40:25+00:00,ibm:ibm:qpu:marrakesh,ONLINE,ibm,ONLINE,agree
2026-10-02T05:34:54+00:00,aws:aqt:qpu:ibex-q1,UNAVAILABLE,aws-braket,ONLINE,disagree
2026-10-02T05:34:54+00:00,aws:ionq:qpu:forte-1,ONLINE,aws-braket,ONLINE,agree
2026-10-02T05:34:54+00:00,aws:ionq:qpu:forte-enterprise-1,ONLINE,aws-braket,ONLINE,agree
2026-10-02T05:34:54+00:00,aws:iqm:qpu:emerald,UNAVAILABLE,aws-braket,ONLINE,disagree
2026-10-02T05:34:54+00:00,aws:iqm:qpu:garnet,ONLINE,aws-braket,ONLINE,agree
2026-10-02T05:34:54+00:00,aws:quera:qpu:aquila,ONLINE,aws-braket,ONLINE,agree
2026-10-02T05:34:54+00:00,aws:rigetti:qpu:cepheus-1-108q,ONLINE,aws-braket,ONLINE,agree
2026-10-02T05:34:54+00:00,ibm:ibm:qpu:fez,ONLINE,ibm,ONLINE,agree
2026-10-02T05:34:54+00:00,ibm:ibm:qpu:kingston,ONLINE,ibm,ONLINE,agree
2026-10-02T05:34:54+00:00,ibm:ibm:qpu:marrakesh,ONLINE,ibm,ONLINE,agree
2026-10-02T12:32:32+00:00,aws:aqt:qpu:ibex-q1,ONLINE,aws-braket,ONLINE,agree
2026-10-02T12:32:32+00:00,aws:ionq:qpu:forte-1,ONLINE,aws-braket,ONLINE,agree
2026-10-02T12:32:32+00:00,aws:ionq:qpu:forte-enterprise-1,ONLINE,aws-braket,ONLINE,agree
2026-10-02T12:32:32+00:00,aws:iqm:qpu:emerald,ONLINE,aws-braket,ONLINE,agree
2026-10-02T12:32:32+00:00,aws:iqm:qpu:garnet,ONLINE,aws-braket,ONLINE,agree
2026-10-02T12:32:32+00:00,aws:quera:qpu:aquila,UNAVAILABLE,aws-braket,ONLINE,disagree
2026-10-02T12:32:32+00:00,aws:rigetti:qpu:cepheus-1-108q,ONLINE,aws-braket,ONLINE,agree
2026-10-02T12:32:32+00:00,ibm:ibm:qpu:fez,ONLINE,ibm,ONLINE,agree
2026-10-02T12:32:32+00:00,ibm:ibm:qpu:kingston,ONLINE,ibm,ONLINE,agree
2026-10-02T12:32:32+00:00,ibm:ibm:qpu:marrakesh,ONLINE,ibm,ONLINE,agree
2026-10-02T22:12:55+00:00,aws:aqt:qpu:ibex-q1,UNAVAILABLE,aws-braket,ONLINE,disagree
2026-10-02T22:12:55+00:00,aws:ionq:qpu:forte-1,ONLINE,aws-braket,ONLINE,agree
2026-10-02T22:12:55+00:00,aws:ionq:qpu:forte-enterprise-1,ONLINE,aws-braket,ONLINE,agree
2026-10-02T22:12:55+00:00,aws:iqm:qpu:emerald,ONLINE,aws-braket,ONLINE,agree
2026-10-02T22:12:55+00:00,aws:iqm:qpu:garnet,ONLINE,aws-braket,ONLINE,agree
2026-10-02T22:12:55+00:00,aws:quera:qpu:aquila,ONLINE,aws-braket,ONLINE,agree
2026-10-02T22:12:55+00:00,aws:rigetti:qpu:cepheus-1-108q,ONLINE,aws-braket,ONLINE,agree
2026-10-02T22:12:55+00:00,ibm:ibm:qpu:fez,ONLINE,ibm,ONLINE,agree
2026-10-02T22:12:55+00:00,ibm:ibm:qpu:kingston,ONLINE,ibm,ONLINE,agree
2026-10-02T22:12:55+00:00,ibm:ibm:qpu:marrakesh,ONLINE,ibm,ONLINE,agree
2026-10-03T05:16:58+00:00,aws:aqt:qpu:ibex-q1,UNAVAILABLE,aws-braket,ONLINE,disagree
2026-10-03T05:16:58+00:00,aws:ionq:qpu:forte-1,ONLINE,aws-braket,ONLINE,agree
2026-10-03T05:16:58+00:00,aws:ionq:qpu:forte-enterprise-1,ONLINE,aws-braket,ONLINE,agree
2026-10-03T05:16:58+00:00,aws:iqm:qpu:emerald,UNAVAILABLE,aws-braket,ONLINE,disagree
2026-10-03T05:16:58+00:00,aws:iqm:qpu:garnet,UNAVAILABLE,aws-braket,ONLINE,disagree
2026-10-03T05:16:58+00:00,aws:quera:qpu:aquila,ONLINE,aws-braket,ONLINE,agree
2026-10-03T05:16:58+00:00,aws:rigetti:qpu:cepheus-1-108q,ONLINE,aws-braket,ONLINE,agree
2026-10-03T05:16:58+00:00,ibm:ibm:qpu:fez,ONLINE,ibm,ONLINE,agree
2026-10-03T05:16:58+00:00,ibm:ibm:qpu:kingston,ONLINE,ibm,ONLINE,agree
2026-10-03T05:16:58+00:00,ibm:ibm:qpu:marrakesh,ONLINE,ibm,ONLINE,agree
2026-10-03T11:37:56+00:00,aws:aqt:qpu:ibex-q1,UNAVAILABLE,aws-braket,ONLINE,disagree
2026-10-03T11:37:56+00:00,aws:ionq:qpu:forte-1,ONLINE,aws-braket,ONLINE,agree
2026-10-03T11:37:56+00:00,aws:ionq:qpu:forte-enterprise-1,ONLINE,aws-braket,ONLINE,agree
2026-10-03T11:37:56+00:00,aws:iqm:qpu:emerald,UNAVAILABLE,aws-braket,ONLINE,disagree
2026-10-03T11:37:56+00:00,aws:iqm:qpu:garnet,UNAVAILABLE,aws-braket,ONLINE,disagree
2026-10-03T11:37:56+00:00,aws:quera:qpu:aquila,ONLINE,aws-braket,ONLINE,agree
2026-10-03T11:37:56+00:00,aws:rigetti:qpu:cepheus-1-108q,ONLINE,aws-braket,ONLINE,agree
2026-10-03T11:37:56+00:00,ibm:ibm:qpu:fez,ONLINE,ibm,ONLINE,agree
2026-10-03T11:37:56+00:00,ibm:ibm:qpu:kingston,ONLINE,ibm,ONLINE,agree
2026-10-03T11:37:56+00:00,ibm:ibm:qpu:marrakesh,ONLINE,ibm,ONLINE,agree
2026-10-03T16:16:36+00:00,aws:aqt:qpu:ibex-q1,UNAVAILABLE,aws-braket,ONLINE,disagree
2026-10-03T16:16:36+00:00,aws:ionq:qpu:forte-1,ONLINE,aws-braket,ONLINE,agree
2026-10-03T16:16:36+00:00,aws:ionq:qpu:forte-enterprise-1,ONLINE,aws-braket,ONLINE,agree
2026-10-03T16:16:36+00:00,aws:iqm:qpu:emerald,UNAVAILABLE,aws-braket,ONLINE,disagree
2026-10-03T16:16:36+00:00,aws:iqm:qpu:garnet,UNAVAILABLE,aws-braket,ONLINE,disagree
2026-10-03T16:16:36+00:00,aws:quera:qpu:aquila,ONLINE,aws-braket,ONLINE,agree
2026-10-03T16:16:36+00:00,aws:rigetti:qpu:cepheus-1-108q,ONLINE,aws-braket,ONLINE,agree
2026-10-03T16:16:36+00:00,ibm:ibm:qpu:fez,ONLINE,ibm,ONLINE,agree
2026-10-03T16:16:36+00:00,ibm:ibm:qpu:kingston,ONLINE,ibm,ONLINE,agree
2026-10-03T16:16:36+00:00,ibm:ibm:qpu:marrakesh,UNAVAILABLE,ibm,ONLINE,disagree
2026-10-03T21:13:08+00:00,aws:aqt:qpu:ibex-q1,UNAVAILABLE,aws-braket,ONLINE,disagree
2026-10-03T21:13:08+00:00,aws:ionq:qpu:forte-1,ONLINE,aws-braket,ONLINE,agree
2026-10-03T21:13:08+00:00,aws:ionq:qpu:forte-enterprise-1,ONLINE,aws-braket,ONLINE,agree
2026-10-03T21:13:08+00:00,aws:iqm:qpu:emerald,UNAVAILABLE,aws-braket,ONLINE,disagree
2026-10-03T21:13:08+00:00,aws:iqm:qpu:garnet,UNAVAILABLE,aws-braket,ONLINE,disagree
2026-10-03T21:13:08+00:00,aws:quera:qpu:aquila,ONLINE,aws-braket,ONLINE,agree
2026-10-03T21:13:08+00:00,aws:rigetti:qpu:cepheus-1-108q,ONLINE,aws-braket,ONLINE,agree
2026-10-03T21:13:08+00:00,ibm:ibm:qpu:fez,ONLINE,ibm,ONLINE,agree
2026-10-03T21:13:08+00:00,ibm:ibm:qpu:kingston,ONLINE,ibm,ONLINE,agree
2026-10-03T21:13:08+00:00,ibm:ibm:qpu:marrakesh,ONLINE,ibm,ONLINE,agree
2026-10-04T05:50:39+00:00,aws:aqt:qpu:ibex-q1,UNAVAILABLE,aws-braket,ONLINE,disagree
2026-10-04T05:50:39+00:00,aws:ionq:qpu:forte-1,ONLINE,aws-braket,ONLINE,agree
2026-10-04T05:50:39+00:00,aws:ionq:qpu:forte-enterprise-1,ONLINE,aws-braket,ONLINE,agree
2026-10-04T05:50:39+00:00,aws:iqm:qpu:emerald,UNAVAILABLE,aws-braket,ONLINE,disagree
2026-10-04T05:50:39+00:00,aws:iqm:qpu:garnet,UNAVAILABLE,aws-braket,ONLINE,disagree
2026-10-04T05:50:39+00:00,aws:quera:qpu:aquila,ONLINE,aws-braket,ONLINE,agree
2026-10-04T05:50:39+00:00,aws:rigetti:qpu:cepheus-1-108q,ONLINE,aws-braket,ONLINE,agree
2026-10-04T05:50:39+00:00,ibm:ibm:qpu:fez,ONLINE,ibm,ONLINE,agree
2026-10-04T05:50:39+00:00,ibm:ibm:qpu:kingston,ONLINE,ibm,ONLINE,agree
2026-10-04T05:50:39+00:00,ibm:ibm:qpu:marrakesh,ONLINE,ibm,ONLINE,agree
2026-10-04T12:19:45+00:00,aws:aqt:qpu:ibex-q1,UNAVAILABLE,aws-braket,ONLINE,disagree
2026-10-04T12:19:45+00:00,aws:ionq:qpu:forte-1,ONLINE,aws-braket,ONLINE,agree
2026-10-04T12:19:45+00:00,aws:ionq:qpu:forte-enterprise-1,ONLINE,aws-braket,ONLINE,agree
2026-10-04T12:19:45+00:00,aws:iqm:qpu:emerald,UNAVAILABLE,aws-braket,ONLINE,disagree
2026-10-04T12:19:45+00:00,aws:iqm:qpu:garnet,UNAVAILABLE,aws-braket,ONLINE,disagree
2026-10-04T12:19:45+00:00,aws:quera:qpu:aquila,UNAVAILABLE,aws-braket,ONLINE,disagree
2026-10-04T12:19:45+00:00,aws:rigetti:qpu:cepheus-1-108q,ONLINE,aws-braket,ONLINE,agree
2026-10-04T12:19:45+00:00,ibm:ibm:qpu:fez,ONLINE,ibm,ONLINE,agree
2026-10-04T12:19:45+00:00,ibm:ibm:qpu:kingston,ONLINE,ibm,ONLINE,agree
2026-10-04T12:19:45+00:00,ibm:ibm:qpu:marrakesh,ONLINE,ibm,ONLINE,agree
2026-10-04T21:22:53+00:00,aws:aqt:qpu:ibex-q1,UNAVAILABLE,aws-braket,ONLINE,disagree
2026-10-04T21:22:53+00:00,aws:ionq:qpu:forte-1,ONLINE,aws-braket,ONLINE,agree
2026-10-04T21:22:53+00:00,aws:ionq:qpu:forte-enterprise-1,ONLINE,aws-braket,ONLINE,agree
2026-10-04T21:22:53+00:00,aws:iqm:qpu:emerald,UNAVAILABLE,aws-braket,ONLINE,disagree
2026-10-04T21:22:53+00:00,aws:iqm:qpu:garnet,UNAVAILABLE,aws-braket,ONLINE,disagree
2026-10-04T21:22:53+00:00,aws:quera:qpu:aquila,ONLINE,aws-braket,ONLINE,agree
2026-10-04T21:22:53+00:00,aws:rigetti:qpu:cepheus-1-108q,ONLINE,aws-braket,ONLINE,agree
2026-10-04T21:22:53+00:00,ibm:ibm:qpu:fez,ONLINE,ibm,ONLINE,agree
2026-10-04T21:22:53+00:00,ibm:ibm:qpu:kingston,ONLINE,ibm,ONLINE,agree
2026-10-04T21:22:53+00:00,ibm:ibm:qpu:marrakesh,ONLINE,ibm,ONLINE,agree
2026-10-05T05:37:13+00:00,aws:aqt:qpu:ibex-q1,UNAVAILABLE,aws-braket,ONLINE,disagree
2026-10-05T05:37:13+00:00,aws:ionq:qpu:forte-1,ONLINE,aws-braket,ONLINE,agree
2026-10-05T05:37:13+00:00,aws:ionq:qpu:forte-enterprise-1,ONLINE,aws-braket,ONLINE,agree
2026-10-05T05:37:13+00:00,aws:iqm:qpu:emerald,UNAVAILABLE,aws-braket,ONLINE,disagree
2026-10-05T05:37:13+00:00,aws:iqm:qpu:garnet,ONLINE,aws-braket,ONLINE,agree
2026-10-05T05:37:13+00:00,aws:quera:qpu:aquila,UNAVAILABLE,aws-braket,ONLINE,disagree
2026-10-05T05:37:13+00:00,aws:rigetti:qpu:cepheus-1-108q,ONLINE,aws-braket,ONLINE,agree
2026-10-05T05:37:13+00:00,ibm:ibm:qpu:fez,ONLINE,ibm,ONLINE,agree
2026-10-05T05:37:13+00:00,ibm:ibm:qpu:kingston,ONLINE,ibm,ONLINE,agree
2026-10-05T05:37:13+00:00,ibm:ibm:qpu:marrakesh,ONLINE,ibm,ONLINE,agree
2026-10-05T14:34:43+00:00,aws:aqt:qpu:ibex-q1,ONLINE,aws-braket,ONLINE,agree
2026-10-05T14:34:43+00:00,aws:ionq:qpu:forte-1,ONLINE,aws-braket,ONLINE,agree
2026-10-05T14:34:43+00:00,aws:ionq:qpu:forte-enterprise-1,ONLINE,aws-braket,ONLINE,agree
2026-10-05T14:34:43+00:00,aws:iqm:qpu:emerald,ONLINE,aws-braket,ONLINE,agree
2026-10-05T14:34:43+00:00,aws:iqm:qpu:garnet,ONLINE,aws-braket,ONLINE,agree
2026-10-05T14:34:43+00:00,aws:quera:qpu:aquila,UNAVAILABLE,aws-braket,ONLINE,disagree
2026-10-05T14:34:43+00:00,aws:rigetti:qpu:cepheus-1-108q,ONLINE,aws-braket,ONLINE,agree
2026-10-05T14:34:43+00:00,ibm:ibm:qpu:fez,UNAVAILABLE,ibm,ONLINE,disagree
2026-10-05T14:34:43+00:00,ibm:ibm:qpu:kingston,ONLINE,ibm,ONLINE,agree
2026-10-05T14:34:43+00:00,ibm:ibm:qpu:marrakesh,ONLINE,ibm,ONLINE,agree
2026-10-06T00:02:31+00:00,aws:aqt:qpu:ibex-q1,UNAVAILABLE,aws-braket,ONLINE,disagree
2026-10-06T00:02:31+00:00,aws:ionq:qpu:forte-1,ONLINE,aws-braket,ONLINE,agree
2026-10-06T00:02:31+00:00,aws:ionq:qpu:forte-enterprise-1,ONLINE,aws-braket,ONLINE,agree
2026-10-06T00:02:31+00:00,aws:iqm:qpu:emerald,ONLINE,aws-braket,ONLINE,agree
2026-10-06T00:02:31+00:00,aws:iqm:qpu:garnet,ONLINE,aws-braket,ONLINE,agree
2026-10-06T00:02:31+00:00,aws:quera:qpu:aquila,UNAVAILABLE,aws-braket,ONLINE,disagree
2026-10-06T00:02:31+00:00,aws:rigetti:qpu:cepheus-1-108q,ONLINE,aws-braket,ONLINE,agree
2026-10-06T00:02:31+00:00,ibm:ibm:qpu:fez,ONLINE,ibm,ONLINE,agree
2026-10-06T00:02:31+00:00,ibm:ibm:qpu:kingston,ONLINE,ibm,ONLINE,agree
2026-10-06T00:02:31+00:00,ibm:ibm:qpu:marrakesh,ONLINE,ibm,ONLINE,agree
2026-10-06T06:18:22+00:00,aws:aqt:qpu:ibex-q1,UNAVAILABLE,aws-braket,ONLINE,disagree
2026-10-06T06:18:22+00:00,aws:ionq:qpu:forte-1,ONLINE,aws-braket,ONLINE,agree
2026-10-06T06:18:22+00:00,aws:ionq:qpu:forte-enterprise-1,ONLINE,aws-braket,ONLINE,agree
2026-10-06T06:18:22+00:00,aws:iqm:qpu:emerald,UNAVAILABLE,aws-braket,ONLINE,disagree
2026-10-06T06:18:22+00:00,aws:iqm:qpu:garnet,ONLINE,aws-braket,ONLINE,agree
2026-10-06T06:18:22+00:00,aws:quera:qpu:aquila,UNAVAILABLE,aws-braket,ONLINE,disagree
2026-10-06T06:18:22+00:00,aws:rigetti:qpu:cepheus-1-108q,ONLINE,aws-braket,ONLINE,agree
2026-10-06T06:18:22+00:00,ibm:ibm:qpu:fez,ONLINE,ibm,ONLINE,agree
2026-10-06T06:18:22+00:00,ibm:ibm:qpu:kingston,ONLINE,ibm,ONLINE,agree
2026-10-06T06:18:22+00:00,ibm:ibm:qpu:marrakesh,ONLINE,ibm,ONLINE,agree
2026-10-06T18:20:54+00:00,aws:aqt:qpu:ibex-q1,UNAVAILABLE,aws-braket,ONLINE,disagree
2026-10-06T18:20:54+00:00,aws:ionq:qpu:forte-1,UNAVAILABLE,aws-braket,ONLINE,disagree
2026-10-06T18:20:54+00:00,aws:ionq:qpu:forte-enterprise-1,ONLINE,aws-braket,ONLINE,agree
2026-10-06T18:20:54+00:00,aws:iqm:qpu:emerald,ONLINE,aws-braket,ONLINE,agree
2026-10-06T18:20:54+00:00,aws:iqm:qpu:garnet,ONLINE,aws-braket,ONLINE,agree
2026-10-06T18:20:54+00:00,aws:quera:qpu:aquila,UNAVAILABLE,aws-braket,ONLINE,disagree
2026-10-06T18:20:54+00:00,aws:rigetti:qpu:cepheus-1-108q,ONLINE,aws-braket,ONLINE,agree
2026-10-06T18:20:54+00:00,ibm:ibm:qpu:fez,ONLINE,ibm,ONLINE,agree
2026-10-06T18:20:54+00:00,ibm:ibm:qpu:kingston,ONLINE,ibm,ONLINE,agree
2026-10-06T18:20:54+00:00,ibm:ibm:qpu:marrakesh,ONLINE,ibm,ONLINE,agree
2026-10-07T05:57:15+00:00,aws:aqt:qpu:ibex-q1,UNAVAILABLE,aws-braket,ONLINE,disagree
2026-10-07T05:57:15+00:00,aws:ionq:qpu:forte-1,ONLINE,aws-braket,ONLINE,agree
2026-10-07T05:57:15+00:00,aws:ionq:qpu:forte-enterprise-1,ONLINE,aws-braket,ONLINE,agree
2026-10-07T05:57:15+00:00,aws:iqm:qpu:emerald,UNAVAILABLE,aws-braket,ONLINE,disagree
2026-10-07T05:57:15+00:00,aws:iqm:qpu:garnet,ONLINE,aws-braket,ONLINE,agree
2026-10-07T05:57:15+00:00,aws:quera:qpu:aquila,UNAVAILABLE,aws-braket,ONLINE,disagree
2026-10-07T05:57:15+00:00,aws:rigetti:qpu:cepheus-1-108q,ONLINE,aws-braket,ONLINE,agree
2026-10-07T05:57:15+00:00,ibm:ibm:qpu:fez,ONLINE,ibm,ONLINE,agree
2026-10-07T05:57:15+00:00,ibm:ibm:qpu:kingston,ONLINE,ibm,ONLINE,agree
2026-10-07T05:57:15+00:00,ibm:ibm:qpu:marrakesh,ONLINE,ibm,ONLINE,agree
2026-10-07T13:21:48+00:00,aws:aqt:qpu:ibex-q1,ONLINE,aws-braket,ONLINE,agree
2026-10-07T13:21:48+00:00,aws:ionq:qpu:forte-1,ONLINE,aws-braket,ONLINE,agree
2026-10-07T13:21:48+00:00,aws:ionq:qpu:forte-enterprise-1,ONLINE,aws-braket,ONLINE,agree
2026-10-07T13:21:48+00:00,aws:iqm:qpu:emerald,ONLINE,aws-braket,ONLINE,agree
2026-10-07T13:21:48+00:00,aws:iqm:qpu:garnet,ONLINE,aws-braket,ONLINE,agree
2026-10-07T13:21:48+00:00,aws:quera:qpu:aquila,UNAVAILABLE,aws-braket,ONLINE,disagree
2026-10-07T13:21:48+00:00,aws:rigetti:qpu:cepheus-1-108q,ONLINE,aws-braket,ONLINE,agree
2026-10-07T13:21:48+00:00,ibm:ibm:qpu:fez,ONLINE,ibm,ONLINE,agree
2026-10-07T13:21:48+00:00,ibm:ibm:qpu:kingston,ONLINE,ibm,ONLINE,agree
2026-10-07T13:21:48+00:00,ibm:ibm:qpu:marrakesh,ONLINE,ibm,ONLINE,agree
2026-10-07T23:04:18+00:00,aws:aqt:qpu:ibex-q1,UNAVAILABLE,aws-braket,ONLINE,disagree
2026-10-07T23:04:18+00:00,aws:ionq:qpu:forte-1,ONLINE,aws-braket,ONLINE,agree
2026-10-07T23:04:18+00:00,aws:ionq:qpu:forte-enterprise-1,ONLINE,aws-braket,ONLINE,agree
2026-10-07T23:04:18+00:00,aws:iqm:qpu:emerald,ONLINE,aws-braket,ONLINE,agree
2026-10-07T23:04:18+00:00,aws:iqm:qpu:garnet,ONLINE,aws-braket,ONLINE,agree
2026-10-07T23:04:18+00:00,aws:quera:qpu:aquila,UNAVAILABLE,aws-braket,ONLINE,disagree
2026-10-07T23:04:18+00:00,aws:rigetti:qpu:cepheus-1-108q,ONLINE,aws-braket,ONLINE,agree
2026-10-07T23:04:18+00:00,ibm:ibm:qpu:fez,ONLINE,ibm,ONLINE,agree
2026-10-07T23:04:18+00:00,ibm:ibm:qpu:kingston,ONLINE,ibm,ONLINE,agree
2026-10-07T23:04:18+00:00,ibm:ibm:qpu:marrakesh,ONLINE,ibm,ONLINE,agree
2026-10-08T06:01:54+00:00,aws:aqt:qpu:ibex-q1,UNAVAILABLE,aws-braket,ONLINE,disagree
2026-10-08T06:01:54+00:00,aws:ionq:qpu:forte-1,ONLINE,aws-braket,ONLINE,agree
2026-10-08T06:01:54+00:00,aws:ionq:qpu:forte-enterprise-1,ONLINE,aws-braket,ONLINE,agree
2026-10-08T06:01:54+00:00,aws:iqm:qpu:emerald,UNAVAILABLE,aws-braket,ONLINE,disagree
2026-10-08T06:01:54+00:00,aws:iqm:qpu:garnet,ONLINE,aws-braket,ONLINE,agree
2026-10-08T06:01:54+00:00,aws:quera:qpu:aquila,UNAVAILABLE,aws-braket,ONLINE,disagree
2026-10-08T06:01:54+00:00,aws:rigetti:qpu:cepheus-1-108q,ONLINE,aws-braket,ONLINE,agree
2026-10-08T06:01:54+00:00,ibm:ibm:qpu:fez,ONLINE,ibm,ONLINE,agree
2026-10-08T06:01:54+00:00,ibm:ibm:qpu:kingston,ONLINE,ibm,ONLINE,agree
2026-10-08T06:01:54+00:00,ibm:ibm:qpu:marrakesh,ONLINE,ibm,ONLINE,agree
2026-10-08T13:26:53+00:00,aws:aqt:qpu:ibex-q1,UNAVAILABLE,aws-braket,ONLINE,disagree
2026-10-08T13:26:53+00:00,aws:ionq:qpu:forte-1,ONLINE,aws-braket,ONLINE,agree
2026-10-08T13:26:53+00:00,aws:ionq:qpu:forte-enterprise-1,UNAVAILABLE,aws-braket,ONLINE,disagree
2026-10-08T13:26:53+00:00,aws:iqm:qpu:emerald,ONLINE,aws-braket,ONLINE,agree
2026-10-08T13:26:53+00:00,aws:iqm:qpu:garnet,ONLINE,aws-braket,ONLINE,agree
2026-10-08T13:26:53+00:00,aws:quera:qpu:aquila,UNAVAILABLE,aws-braket,ONLINE,disagree
2026-10-08T13:26:53+00:00,aws:rigetti:qpu:cepheus-1-108q,ONLINE,aws-braket,ONLINE,agree
2026-10-08T13:26:53+00:00,ibm:ibm:qpu:fez,ONLINE,ibm,ONLINE,agree
2026-10-08T13:26:53+00:00,ibm:ibm:qpu:kingston,ONLINE,ibm,ONLINE,agree
2026-10-08T13:26:53+00:00,ibm:ibm:qpu:marrakesh,ONLINE,ibm,ONLINE,agree
2026-10-08T23:20:09+00:00,aws:aqt:qpu:ibex-q1,UNAVAILABLE,aws-braket,ONLINE,disagree
2026-10-08T23:20:09+00:00,aws:ionq:qpu:forte-1,ONLINE,aws-braket,ONLINE,agree
2026-10-08T23:20:09+00:00,aws:ionq:qpu:forte-enterprise-1,ONLINE,aws-braket,ONLINE,agree
2026-10-08T23:20:09+00:00,aws:iqm:qpu:emerald,ONLINE,aws-braket,ONLINE,agree
2026-10-08T23:20:09+00:00,aws:iqm:qpu:garnet,ONLINE,aws-braket,ONLINE,agree
2026-10-08T23:20:09+00:00,aws:quera:qpu:aquila,UNAVAILABLE,aws-braket,ONLINE,disagree
2026-10-08T23:20:09+00:00,aws:rigetti:qpu:cepheus-1-108q,ONLINE,aws-braket,ONLINE,agree
2026-10-08T23:20:09+00:00,ibm:ibm:qpu:fez,ONLINE,ibm,ONLINE,agree
2026-10-08T23:20:09+00:00,ibm:ibm:qpu:kingston,ONLINE,ibm,ONLINE,agree
2026-10-08T23:20:09+00:00,ibm:ibm:qpu:marrakesh,ONLINE,ibm,ONLINE,agree
2026-10-09T06:06:43+00:00,aws:aqt:qpu:ibex-q1,UNAVAILABLE,aws-braket,ONLINE,disagree
2026-10-09T06:06:43+00:00,aws:ionq:qpu:forte-1,ONLINE,aws-braket,ONLINE,agree
2026-10-09T06:06:43+00:00,aws:ionq:qpu:forte-enterprise-1,ONLINE,aws-braket,ONLINE,agree
2026-10-09T06:06:43+00:00,aws:iqm:qpu:emerald,UNAVAILABLE,aws-braket,ONLINE,disagree
2026-10-09T06:06:43+00:00,aws:iqm:qpu:garnet,ONLINE,aws-braket,ONLINE,agree
2026-10-09T06:06:43+00:00,aws:quera:qpu:aquila,ONLINE,aws-braket,ONLINE,agree
2026-10-09T06:06:43+00:00,aws:rigetti:qpu:cepheus-1-108q,ONLINE,aws-braket,ONLINE,agree
2026-10-09T06:06:43+00:00,ibm:ibm:qpu:fez,ONLINE,ibm,ONLINE,agree
2026-10-09T06:06:43+00:00,ibm:ibm:qpu:kingston,ONLINE,ibm,ONLINE,agree
2026-10-09T06:06:43+00:00,ibm:ibm:qpu:marrakesh,ONLINE,ibm,ONLINE,agree
2026-10-09T13:14:42+00:00,aws:aqt:qpu:ibex-q1,ONLINE,aws-braket,ONLINE,agree
2026-10-09T13:14:42+00:00,aws:ionq:qpu:forte-1,ONLINE,aws-braket,ONLINE,agree
2026-10-09T13:14:42+00:00,aws:ionq:qpu:forte-enterprise-1,ONLINE,aws-braket,ONLINE,agree
2026-10-09T13:14:42+00:00,aws:iqm:qpu:emerald,ONLINE,aws-braket,ONLINE,agree
2026-10-09T13:14:42+00:00,aws:iqm:qpu:garnet,ONLINE,aws-braket,ONLINE,agree
2026-10-09T13:14:42+00:00,aws:quera:qpu:aquila,ONLINE,aws-braket,ONLINE,agree
2026-10-09T13:14:42+00:00,aws:rigetti:qpu:cepheus-1-108q,ONLINE,aws-braket,ONLINE,agree
2026-10-09T13:14:42+00:00,ibm:ibm:qpu:fez,ONLINE,ibm,ONLINE,agree
2026-10-09T13:14:42+00:00,ibm:ibm:qpu:kingston,ONLINE,ibm,ONLINE,agree
2026-10-09T13:14:42+00:00,ibm:ibm:qpu:marrakesh,ONLINE,ibm,ONLINE,agree
